Workbook

Sheet 数据提取表
A1: 发电事业部2024年01月01日电站报表
A2: 序号 | B2: 运行单位 | C2: 项目类型 | D2: 容量（MW） | E2: 天气 | F2: 日辐照量（kWh/m²） | G2: 风速（m/s） | H2: 日标杆机理论发电量（万kWh） | I2: 日实际发电量（万kWh） | J2: 日上网电量（万kWh） | K2: 日限电量（万kWh） | L2: 日限电率（%） | M2: 月累计上网电量（万kWh） | N2: 月计划电量（万kWh） | O2: 月完成率（%） | P2: 月度偏差率（正值为超发，负值为欠发）% | Q2: 年计划上网电量（万kWh） | R2: 年累计上网电量(万kWh） | S2: 年完成率（%） | T2: 发电设备故障损失电量（万kWh） | U2: 发电设备检修损失电量（万kWh） | V2: 输变电设备故障损失电量（万kWh | W2: 输变电设备检修维护损失电量（万kWh） | X2: 电网受累损失电量（万kWh） | Y2: 自然灾害损失电量（万kWh） | Z2: 其他受累损失电量（万kWh） | AA2: 工程期损失电量（万kWh） | AB2: 设备可利用率（日%） | AC2: 检修损失电量（万kWh） | AD2: 故障损失电量（万kWh）
A3: 45292 | B3: 特新光伏电站 | C3: 光伏 | D3: 100 | E3: 多云 | F3: 3.33 | G3: 1.14 | H3: 30.4009 | I3: 30.0999 | J3: 30.0125 | K3: 0 | L3: 0 | M3: 30.0125 | R3: 30.0125 | T3: 0 | U3: 0 | V3: 0 | W3: 0 | X3: 0 | Y3: 0 | Z3: 0 | AA3: 0 | AB3: 1 | AC3: =U3+W3 -> 0 | AD3: =T3+V3 -> 0
A4: 45292 | B4: 华光光伏电站 | C4: 光伏 | D4: 10 | E4: 晴 | F4: 4.31 | G4: 0.39 | H4: 4.347 | I4: 4.028 | J4: 3.96 | K4: 0.319 | L4: 0.0734 | M4: 3.96 | R4: 3.96 | T4: 0 | U4: 0 | V4: 0 | W4: 0 | X4: 0 | Y4: 0 | Z4: 0 | AA4: 0 | AB4: 1 | AC4: =U4+W4 -> 0 | AD4: =T4+V4 -> 0
A5: 45292 | B5: 绿曦光伏电站 | C5: 光伏 | D5: 80 | E5: 晴 | F5: 3 | G5: 0.71 | H5: 21.52 | I5: 20.58 | J5: 20.35 | K5: 0 | L5: 0 | M5: 20.35 | R5: 20.35 | T5: 0 | U5: 0 | V5: 0 | W5: 0 | X5: 0 | Y5: 0 | Z5: 0 | AA5: 0 | AB5: 1 | AC5: =U5+W5 -> 0 | AD5: =T5+V5 -> 0
A6: 45292 | B6: 光羿青阳光伏电站 | C6: 光伏 | D6: 100 | E6: 晴 | F6: 3.62 | G6: 0 | H6: 30.0269 | I6: 28.0798 | J6: 27.058 | K6: 1.8528 | L6: 0.0619 | M6: 27.058 | R6: 27.058 | T6: 0.0656 | U6: 0 | V6: 0 | W6: 0 | X6: 0 | Y6: 0.0287 | Z6: 0 | AA6: 0 | AB6: 0.9978 | AC6: =U6+W6 -> 0 | AD6: =T6+V6 -> 0.0656
A7: 45292 | B7: 行唐郜河光伏电站 | C7: 光伏 | D7: 5.48 | E7: 阴 | F7: 2.12 | G7: 0 | H7: 1.0221 | I7: 1.0221 | J7: 0.532 | K7: 0 | L7: 0 | M7: 0.532 | R7: 0.532 | T7: 0 | U7: 0 | V7: 0 | W7: 0 | X7: 0 | Y7: 0 | Z7: 0 | AA7: 0 | AB7: 1 | AC7: =U7+W7 -> 0 | AD7: =T7+V7 -> 0
A8: 45292 | B8: 奈曼旗汇特光伏电站 | C8: 光伏 | D8: 30 | E8: 多云 | F8: 2.87 | G8: 0 | H8: 1.7407 | I8: 1.7407 | J8: 1.6368 | K8: 0 | L8: 0 | M8: 1.6368 | R8: 1.6368 | T8: 0 | U8: 0 | V8: 0 | W8: 0 | X8: 0 | Y8: 0 | Z8: 0 | AA8: 0 | AB8: 1 | AC8: =U8+W8 -> 0 | AD8: =T8+V8 -> 0
A9: 45292 | B9: 特能星光#3光伏电站 | C9: 光伏 | D9: 20 | E9: 多云 | F9: 5.18 | G9: 1.7 | H9: 11.6607 | I9: 10.99 | J9: 10.9732 | K9: 0 | L9: 0 | M9: 10.9732 | R9: 10.9732 | T9: 0 | U9: 0 | V9: 0 | W9: 0 | X9: 0 | Y9: 0 | Z9: 0 | AA9: 0 | AB9: 1 | AC9: =U9+W9 -> 0 | AD9: =T9+V9 -> 0
A10: 45292 | B10: 干龙潭光伏电站 | C10: 光伏 | D10: 30 | E10: 多云 | F10: 3.51 | G10: 0.8 | H10: 8.7329 | I10: 8.6122 | J10: 8.4053 | K10: 0 | L10: 0 | M10: 8.4053 | R10: 8.4053 | T10: 4.8662 | U10: 0 | V10: 0 | W10: 0 | X10: 0 | Y10: 0 | Z10: 0 | AA10: 0 | AB10: 1 | AC10: =U10+W10 -> 0 | AD10: =T10+V10 -> 4.8662
A11: 45292 | B11: 光炽将军尧储能电站 | C11: 光伏 | D11: 300 | E11: 晴天 | F11: 3.17 | G11: 0 | H11: 129.024 | I11: 122.2894 | J11: 107.25 | K11: 6.7347 | L11: 0.0522 | M11: 107.25 | R11: 107.25 | T11: 0 | U11: 0 | V11: 0 | W11: 0 | X11: 0 | Y11: 0 | Z11: 0 | AA11: 0 | AB11: 1 | AC11: =U11+W11 -> 0 | AD11: =T11+V11 -> 0
A12: 45292 | B12: 110kV晖源光伏电站 | C12: 光伏 | D12: 50 | E12: 晴 | F12: 2.21 | G12: 1.22 | H12: 9.45 | I12: 9.324 | J12: 9.24 | K12: 0 | L12: 0 | M12: 9.24 | R12: 9.24 | T12: 0.0223 | U12: 0 | V12: 0 | W12: 0 | X12: 0 | Y12: 0 | Z12: 0 | AA12: 0 | AB12: 0.9977 | AC12: =U12+W12 -> 0 | AD12: =T12+V12 -> 0.0223
A13: 45292 | B13: 子牙关光伏电站 | C13: 光伏 | D13: 30 | E13: 晴 | F13: 5.24 | G13: 0.61 | H13: 13.0519 | I13: 12.796 | J13: 12.768 | K13: 0 | L13: 0 | M13: 12.768 | R13: 12.768 | T13: 0 | U13: 0 | V13: 0 | W13: 0 | X13: 0 | Y13: 0 | Z13: 0 | AA13: 0 | AB13: 1 | AC13: =U13+W13 -> 0 | AD13: =T13+V13 -> 0
A14: 45292 | B14: 武晟庄华光伏电站 | C14: 光伏 | D14: 130 | E14: 晴转多云 | F14: 5.04 | G14: 0.83 | H14: 69.481 | I14: 54.1392 | J14: 53.5241 | K14: 15.34 | L14: 0.2208 | M14: 53.5241 | R14: 53.5241 | T14: 0 | U14: 0 | V14: 0 | W14: 0 | X14: 0 | Y14: 0 | Z14: 0 | AA14: 0 | AB14: 1 | AC14: =U14+W14 -> 0 | AD14: =T14+V14 -> 0
... A39: 45292 | B39: 君盛托里风电一场 | C39: 风机 | D39: 100 | E39: 晴 | F39: 0 | G39: 3.59 | H39: 18.5596 | I39: 18.5596 | J39: 17.5098 | K39: 0 | L39: 0 | M39: 17.5098 | R39: 17.5098 | T39: 0 | U39: 0 | V39: 0 | W39: 0 | X39: 0 | Y39: 0 | Z39: 0 | AA39: 0 | AB39: 0.8379 | AC39: =U39+W39 -> 0 | AD39: =T39+V39 -> 0
A40: 45292 | B40: 100MW星奥光伏电站 | C40: 光伏 | D40: 100 | E40: 多云 | F40: 5.18 | G40: / | H40: 53.872 | I40: 8.59 | J40: 8.246 | K40: 0 | L40: 0.8405 | M40: 8.246 | N40: 1007 | O40: 0.0082 | P40: -0.024 | Q40: / | R40: 8.246 | S40: / | T40: 0 | U40: 0 | V40: 0 | W40: 0 | X40: 0 | Y40: 0 | Z40: 0 | AA40: 0 | AB40: 1 | AC40: =U40+W40 -> 0 | AD40: =T40+V40 -> 0
A41: 45292 | B41: 军红风电场 | C41: 风电 | D41: 100 | E41: 晴 | F41: / | G41: 1.4 | H41: 0.9915 | I41: 0.84 | J41: 0.6776 | K41: 0 | L41: 0 | M41: 0.6776 | N41: 127 | O41: 0.0053 | P41: -0.0267 | Q41: / | R41: 0.6776 | S41: / | T41: 0 | U41: 0 | V41: 0 | W41: 0 | X41: 0 | Y41: 0 | Z41: 0 | AA41: 0 | AB41: 1 | AC41: =U41+W41 -> 0 | AD41: =T41+V41 -> 0
A42: 45292 | B42: 天津武清白古屯风电场 | C42: 风电 | D42: 33 | E42: 晴 | F42: / | G42: 4.63 | H42: 1.9784 | I42: 1.8047 | J42: 1.666 | K42: 0 | L42: 0 | M42: 1.666 | N42: / | O42: / | P42: / | Q42: / | R42: 1.666 | S42: / | T42: 0 | U42: 0 | V42: 0 | W42: 0 | X42: 0 | Y42: 0 | Z42: 0 | AA42: 0 | AB42: 1 | AC42: =U42+W42 -> 0 | AD42: =T42+V42 -> 0
A43: 45292 | B43: 佳阳光储电站 | C43: 光储 | D43: 49.8 | E43: 晴 | F43: 4.64 | G43: 6.81 | H43: 23.072 | I43: 22.9572 | J43: 23.76 | K43: 0 | L43: 0 | M43: 23.76 | N43: / | O43: / | P43: / | Q43: / | R43: 23.76 | S43: / | T43: 0 | U43: 0 | V43: 0 | W43: 0 | X43: 0 | Y43: 0 | Z43: 0 | AA43: 0 | AB43: 1 | AC43: =U43+W43 -> 0 | AD43: =T43+V43 -> 0
A44: 45292 | B44: 110kV昙泉光伏电站 | C44: 光伏 | D44: 100 | E44: 阴 | F44: 10.473 | G44: 2.19 | H44: 0 | I44: 3.41 | J44: 3.0261 | K44: 0 | L44: 0 | M44: 3.0261 | N44: 0 | O44: 0 | P44: 0 | Q44: 0 | R44: 3.0261 | S44: 0 | T44: 0 | U44: 0 | V44: 0 | W44: 0 | X44: 0 | Y44: 0 | Z44: 0 | AA44: 0 | AB44: 1 | AC44: =U44+W44 -> 0 | AD44: =T44+V44 -> 0
A45: 45292 | B45: 干龙潭光伏电站二期 | C45: 光储 | D45: 50 | E45: 多云 | F45: 2.57 | G45: 0.92 | H45: 9.6567 | I45: 9.4067 | J45: 9.3267 | K45: 0 | L45: 0 | M45: 9.3267 | N45: 653 | O45: 0.0143 | Q45: 6458 | R45: 9.3267 | S45: 0.0014 | T45: 0 | U45: 0 | V45: 0 | W45: 0 | X45: 0 | Y45: 0 | Z45: 0 | AA45: 0 | AB45: 1 | AC45: =U45+W45 -> 0 | AD45: =T45+V45 -> 0
A46: 发电事业部2024年01月02日电站报表
A47: 序号 | B47: 运行单位 | C47: 项目类型 | D47: 容量（MW） | E47: 天气 | F47: 日辐照量（kWh/m²） | G47: 风速（m/s） | H47: 日标杆机理论发电量（万kWh） | I47: 日实际发电量（万kWh） | J47: 日上网电量（万kWh） | K47: 日限电量（万kWh） | L47: 日限电率（%） | M47: 月累计上网电量（万kWh） | N47: 月计划电量（万kWh） | O47: 月完成率（%） | P47: 月度偏差率（正值为超发，负值为欠发）% | Q47: 年计划上网电量（万kWh） | R47: 年累计上网电量(万kWh） | S47: 年完成率（%） | T47: 发电设备故障损失电量（万kWh） | U47: 发电设备检修损失电量（万kWh） | V47: 输变电设备故障损失电量（万kWh | W47: 输变电设备检修维护损失电量（万kWh） | X47: 电网受累损失电量（万kWh） | Y47: 自然灾害损失电量（万kWh） | Z47: 其他受累损失电量（万kWh） | AA47: 工程期损失电量（万kWh） | AB47: 设备可利用率（日%） | AC47: 检修损失电量（万kWh） | AD47: 故障损失电量（万kWh）
A48: 45293 | B48: 特新光伏电站 | C48: 光伏 | D48: 100 | E48: 多云 | F48: 3.71 | G48: 1.8 | H48: 32.6875 | I48: 26.775 | J48: 26.6875 | K48: 6 | L48: 0.1831 | M48: 56.7 | R48: 56.7 | T48: 0 | U48: 0 | V48: 0 | W48: 0 | X48: 0 | Y48: 0 | Z48: 0 | AA48: 0 | AB48: 1 | AC48: =U48+W48 -> 0 | AD48: =T48+V48 -> 0
A49: 45293 | B49: 奈曼旗汇特光伏电站 | C49: 光伏 | D49: 30 | E49: 晴 | F49: 5.51 | G49: 0 | H49: 11.6239 | I49: 11.6239 | J49: 11.5632 | K49: 0 | L49: 0 | M49: 13.2 | R49: 13.2 | T49: 0 | U49: 0 | V49: 0 | W49: 0 | X49: 0 | Y49: 0 | Z49: 0 | AA49: 0 | AB49: 1 | AC49: =U49+W49 -> 0 | AD49: =T49+V49 -> 0
A50: 45293 | B50: 华光光伏电站 | C50: 光伏 | D50: 10 | E50: 晴 | F50: 4.34 | G50: 1.21 | H50: 4.0464 | I50: 2.7076 | J50: 2.64 | K50: 0 | L50: 0 | M50: 6.6 | R50: 6.6 | T50: 0 | U50: 0 | V50: 0 | W50: 0 | X50: 0 | Y50: 0 | Z50: 0 | AA50: 0 | AB50: 1 | AC50: =U50+W50 -> 0 | AD50: =T50+V50 -> 0
A51: 45293 | B51: 特能星光#3光伏电站 | C51: 光伏 | D51: 20 | E51: 晴 | F51: 5.34 | G51: 4 | H51: 10.9685 | I51: 10.4681 | J51: 10.4524 | K51: 0.5005 | L51: 0.0456 | M51: 21.4256 | R51: 21.4256 | T51: 0 | U51: 0 | V51: 0 | W51: 0 | X51: 0 | Y51: 0 | Z51: 0 | AA51: 0 | AB51: 1 | AC51: =U51+W51 -> 0 | AD51: =T51+V51 -> 0
A52: 45293 | B52: 行唐郜河光伏电站 | C52: 光伏 | D52: 5.48 | E52: 阴 | F52: 2.51 | G52: 0 | H52: 1.2605 | I52: 1.2605 | J52: 1.064 | K52: 0 | L52: 0 | M52: 1.596 | R52: 1.596 | T52: 0 | U52: 0 | V52: 0 | W52: 0 | X52: 0 | Y52: 0 | Z52: 0 | AA52: 0 | AB52: 1 | AC52: =U52+W52 -> 0 | AD52: =T52+V52 -> 0
A53: 45293 | B53: 110kV晖源光伏电站 | C53: 光伏 | D53: 50 | E53: 多云 | F53: 5.63 | G53: 2.38 | H53: 23.976 | I53: 23.856 | J53: 23.76 | K53: 0 | L53: 0 | M53: 33 | R53: 33 | T53: 0.0491 | U53: 0 | V53: 0 | W53: 0 | X53: 0 | Y53: 0 | Z53: 0 | AA53: 0 | AB53: 0.9978 | AC53: =U53+W53 -> 0 | AD53: =T53+V53 -> 0.0491
A54: 45293 | B54: 光羿青阳光伏电站 | C54: 光伏 | D54: 100 | E54: 晴 | F54: 5.32 | G54: 0 | H54: 43.2488 | I54: 37.6727 | J54: 36.388 | K54: 5.4783 | L54: 0.127 | M54: 63.446 | R54: 63.446 | T54: 0.068 | U54: 0 | V54: 0 | W54: 0 | X54: 0 | Y54: 0.0298 | Z54: 0 | AA54: 0 | AB54: 0.9984 | AC54: =U54+W54 -> 0 | AD54: =T54+V54 -> 0.068
A55: 45293 | B55: 绿曦光伏电站 | C55: 光伏 | D55: 80 | E55: 晴 | F55: 5.34 | G55: 1.84 | H55: 37.08 | I55: 36.4 | J55: 36.3 | K55: 0 | L55: 0 | M55: 56.65 | R55: 56.65 | T55: 0 | U55: 0 | V55: 0 | W55: 0 | X55: 0 | Y55: 0 | Z55: 0 | AA55: 0 | AB55: 1 | AC55: =U55+W55 -> 0 | AD55: =T55+V55 -> 0
A56: 45293 | B56: 光炽将军尧储能电站 | C56: 光伏 | D56: 300 | E56: 晴天 | F56: 4.16 | G56: 0 | H56: 160.6749 | I56: 112.6515 | J56: 112.299 | K56: 48.0234 | L56: 0.2989 | M56: 219.549 | R56: 219.549 | T56: 0 | U56: 0 | V56: 0 | W56: 0 | X56: 0 | Y56: 0 | Z56: 0 | AA56: 0 | AB56: 1 | AC56: =U56+W56 -> 0 | AD56: =T56+V56 -> 0
A57: 45293 | B57: 干龙潭光伏电站 | C57: 光伏 | D57: 30 | E57: 多云 | F57: 4.2 | G57: 0.8 | H57: 10.2478 | I57: 10.0425 | J57: 9.9031 | K57: 0 | L57: 0 | M57: 18.3084 | R57: 18.3084 | T57: 3.1457 | U57: 0 | V57: 0 | W57: 0 | X57: 0 | Y57: 0 | Z57: 0 | AA57: 0 | AB57: 1 | AC57: =U57+W57 -> 0 | AD57: =T57+V57 -> 3.1457
A58: 45293 | B58: 子牙关光伏电站 | C58: 光伏 | D58: 30 | E58: 晴 | F58: 5.71 | G58: 0.71 | H58: 14.1943 | I58: 13.916 | J58: 13.888 | K58: 0 | L58: 0 | M58: 26.656 | R58: 26.656 | T58: 0 | U58: 0 | V58: 0 | W58: 0 | X58: 0 | Y58: 0 | Z58: 0 | AA58: 0 | AB58: 1 | AC58: =U58+W58 -> 0 | AD58: =T58+V58 -> 0
A59: 45293 | B59: 武晟庄华光伏电站 | C59: 光伏 | D59: 130 | E59: 晴 | F59: 5.35 | G59: 0.11 | H59: 70.2166 | I59: 54.7024 | J59: 53.6914 | K59: 15.51 | L59: 0.2209 | M59: 107.2155 | R59: 107.2155 | T59: 0 | U59: 0 | V59: 0 | W59: 0 | X59: 0 | Y59: 0 | Z59: 0 | AA59: 0 | AB59: 1 | AC59: =U59+W59 -> 0 | AD59: =T59+V59 -> 0
... A84: 45293 | B84: 特变思甜东风电一场 | C84: 风机 | D84: 200 | E84: 阴 | F84: 0 | G84: 4.36 | H84: 59.5702 | I84: 59.5702 | J84: 58.08 | K84: 0 | L84: 0 | M84: 81.18 | R84: 81.18 | T84: 0 | U84: 0 | V84: 0 | W84: 0 | X84: 0 | Y84: 0 | Z84: 0 | AA84: 0 | AB84: 0.9989 | AC84: =U84+W84 -> 0 | AD84: =T84+V84 -> 0
A85: 45293 | B85: 100MW星奥光伏电站 | C85: 光伏 | D85: 100 | E85: 晴 | F85: 5.34 | G85: / | H85: 53.3611 | I85: 9.1618 | J85: 8.414 | K85: 0 | L85: 0.8283 | M85: 16.66 | N85: 1007 | O85: 0.0165 | P85: -0.048 | Q85: / | R85: 16.66 | S85: / | T85: 0 | U85: 0 | V85: 0 | W85: 0 | X85: 0 | Y85: 0 | Z85: 0 | AA85: 0 | AB85: 1 | AC85: =U85+W85 -> 0 | AD85: =T85+V85 -> 0
A86: 45293 | B86: 军红风电场 | C86: 风电 | D86: 100 | E86: 晴 | F86: / | G86: 3.44 | H86: 1.88 | I86: 1.68 | J86: 1.496 | K86: 0 | L86: 0 | M86: 2.1736 | N86: 127 | O86: 0.0171 | P86: -0.0201 | Q86: / | R86: 2.1736 | S86: / | T86: 0 | U86: 0 | V86: 0 | W86: 0 | X86: 0 | Y86: 0 | Z86: 0 | AA86: 0 | AB86: 1 | AC86: =U86+W86 -> 0 | AD86: =T86+V86 -> 0
A87: 45293 | B87: 天津武清白古屯风电场 | C87: 风电 | D87: 33 | E87: 晴 | F87: / | G87: 4.88 | H87: 1.9941 | I87: 1.5208 | J87: 1.412 | K87: 0 | L87: 0 | M87: 3.078 | N87: / | O87: / | P87: / | Q87: / | R87: 3.078 | S87: / | T87: 0 | U87: 0 | V87: 0 | W87: 0 | X87: 0 | Y87: 0 | Z87: 0 | AA87: 0.4733 | AB87: 1 | AC87: =U87+W87 -> 0 | AD87: =T87+V87 -> 0
A88: 45293 | B88: 佳阳光储电站 | C88: 光储 | D88: 51 | E88: 小雨 | F88: 0.38 | G88: / | H88: 6.24 | I88: 6.2118 | J88: 5.28 | K88: 0 | L88: 0 | M88: 29.04 | N88: 174 | O88: 0.1668 | Q88: / | R88: 29.04 | T88: 0 | U88: 0 | V88: 0 | W88: 0 | X88: 0 | Y88: 0 | Z88: 0 | AA88: 0 | AB88: 1 | AC88: =U88+W88 -> 0 | AD88: =T88+V88 -> 0
A89: 45293 | B89: 110kV昙泉光伏电站 | C89: 光伏 | D89: 100 | E89: 晴 | F89: 14.571 | G89: 2.432 | H89: 0 | I89: 4.91 | J89: 4.5199 | K89: 0 | L89: 0 | M89: 7.546 | N89: 0 | O89: 0 | P89: 0 | Q89: 0 | R89: 7.546 | S89: 0 | T89: 0 | U89: 0 | V89: 0 | W89: 0 | X89: 0 | Y89: 0 | Z89: 0 | AA89: 0 | AB89: 1 | AC89: =U89+W89 -> 0 | AD89: =T89+V89 -> 0
A90: 45293 | B90: 干龙潭光伏电站二期 | C90: 光储 | D90: 50 | E90: 多云 | F90: 3.66 | G90: 1.11 | H90: 13.7474 | I90: 13.4474 | J90: 13.3674 | K90: 0 | L90: 0 | M90: 22.6941 | N90: 653 | O90: 0.0348 | Q90: 6458 | R90: 22.6941 | S90: 0.0035 | T90: 0 | U90: 0 | V90: 0 | W90: 0 | X90: 0 | Y90: 0 | Z90: 0 | AA90: 0 | AB90: 1
A91: 发电事业部2024年01月03日电站报表
A92: 序号 | B92: 运行单位 | C92: 项目类型 | D92: 容量（MW） | E92: 天气 | F92: 日辐照量（kWh/m²） | G92: 风速（m/s） | H92: 日标杆机理论发电量（万kWh） | I92: 日实际发电量（万kWh） | J92: 日上网电量（万kWh） | K92: 日限电量（万kWh） | L92: 日限电率（%） | M92: 月累计上网电量（万kWh） | N92: 月计划电量（万kWh） | O92: 月完成率（%） | P92: 月度偏差率（正值为超发，负值为欠发）% | Q92: 年计划上网电量（万kWh） | R92: 年累计上网电量(万kWh） | S92: 年完成率（%） | T92: 发电设备故障损失电量（万kWh） | U92: 发电设备检修损失电量（万kWh） | V92: 输变电设备故障损失电量（万kWh | W92: 输变电设备检修维护损失电量（万kWh） | X92: 电网受累损失电量（万kWh） | Y92: 自然灾害损失电量（万kWh） | Z92: 其他受累损失电量（万kWh） | AA92: 工程期损失电量（万kWh） | AB92: 设备可利用率（日%） | AC92: 检修损失电量（万kWh） | AD92: 故障损失电量（万kWh）
A93: 45294 | B93: 特新光伏电站 | C93: 光伏 | D93: 100 | E93: 晴 | F93: 5.96 | G93: 1.78 | H93: 52.6715 | I93: 52.15 | J93: 52.0625 | K93: 0 | L93: 0 | M93: 108.7625 | R93: 108.7625 | T93: 0 | U93: 0 | V93: 0 | W93: 0 | X93: 0 | Y93: 0 | Z93: 0 | AA93: 0 | AB93: 1 | AC93: =U93+W93 -> 0 | AD93: =T93+V93 -> 0
A94: 45294 | B94: 华光光伏电站 | C94: 光伏 | D94: 10 | E94: 多云 | F94: 4.89 | G94: 0.85 | H94: 5.346 | I94: 3.3638 | J94: 3.3 | K94: 1.9822 | L94: 0.3708 | M94: 9.9 | R94: 9.9 | T94: 0 | U94: 0 | V94: 0 | W94: 0 | X94: 0 | Y94: 0 | Z94: 0 | AA94: 0 | AB94: 1 | AC94: =U94+W94 -> 0 | AD94: =T94+V94 -> 0
A95: 45294 | B95: 绿曦光伏电站 | C95: 光伏 | D95: 80 | E95: 晴 | F95: 5.68 | G95: 0.75 | H95: 39.76 | I95: 38.64 | J95: 38.5 | K95: 0 | L95: 0 | M95: 95.15 | R95: 95.15 | T95: 0 | U95: 0 | V95: 0 | W95: 0 | X95: 0 | Y95: 0 | Z95: 0 | AA95: 0 | AB95: 1 | AC95: =U95+W95 -> 0 | AD95: =T95+V95 -> 0
A96: 45294 | B96: 奈曼旗汇特光伏电站 | C96: 光伏 | D96: 30 | E96: 晴 | F96: 5.81 | G96: 0 | H96: 15.1737 | I96: 15.1737 | J96: 15.048 | K96: 0 | L96: 0 | M96: 28.248 | R96: 28.248 | T96: 0 | U96: 0 | V96: 0 | W96: 0 | X96: 0 | Y96: 0 | Z96: 0 | AA96: 0 | AB96: 1 | AC96: =U96+W96 -> 0 | AD96: =T96+V96 -> 0
A97: 45294 | B97: 110kV晖源光伏电站 | C97: 光伏 | D97: 50 | E97: 多云 | F97: 6.78 | G97: 1.54 | H97: 25.73 | I97: 25.599 | J97: 25.52 | K97: 0 | L97: 0 | M97: 58.52 | R97: 58.52 | T97: 0.05 | U97: 0 | V97: 0 | W97: 0 | X97: 0 | Y97: 0 | Z97: 0 | AA97: 0 | AB97: 0.9977 | AC97: =U97+W97 -> 0 | AD97: =T97+V97 -> 0.05
A98: 45294 | B98: 武晟庄华光伏电站 | C98: 光伏 | D98: 130 | E98: 晴转多云 | F98: 5.4 | G98: 0.75 | H98: 76.1254 | I98: 50.3874 | J98: 49.4865 | K98: 25.74 | L98: 0.3381 | M98: 156.702 | R98: 156.702 | T98: 0 | U98: 0 | V98: 0 | W98: 0 | X98: 0 | Y98: 0 | Z98: 0 | AA98: 0 | AB98: 1 | AC98: =U98+W98 -> 0 | AD98: =T98+V98 -> 0
A99: 45294 | B99: 行唐郜河光伏电站 | C99: 光伏 | D99: 5.48 | E99: 晴 | F99: 4.32 | G99: 0 | H99: 1.8342 | I99: 1.8342 | J99: 1.596 | K99: 0 | L99: 0 | M99: 3.192 | R99: 3.192 | T99: 0 | U99: 0 | V99: 0 | W99: 0 | X99: 0 | Y99: 0 | Z99: 0 | AA99: 0 | AB99: 1 | AC99: =U99+W99 -> 0 | AD99: =T99+V99 -> 0
A100: 45294 | B100: 光炽将军尧储能电站 | C100: 光伏 | D100: 300 | E100: 晴天 | F100: 5.1 | G100: 0 | H100: 171.8854 | I100: 88.2743 | J100: 87.648 | K100: 83.6111 | L100: 0.4864 | M100: 307.197 | R100: 307.197 | T100: 0 | U100: 0 | V100: 0 | W100: 0 | X100: 0 | Y100: 0 | Z100: 0 | AA100: 0 | AB100: 1 | AC100: =U100+W100 -> 0 | AD100: =T100+V100 -> 0
A101: 45294 | B101: 子牙关光伏电站 | C101: 光伏 | D101: 30 | E101: 晴 | F101: 5.84 | G101: 2.28 | H101: 14.6513 | I101: 14.364 | J101: 14.336 | K101: 0 | L101: 0 | M101: 40.992 | R101: 40.992 | T101: 0 | U101: 0 | V101: 0 | W101: 0 | X101: 0 | Y101: 0 | Z101: 0 | AA101: 0 | AB101: 1 | AC101: =U101+W101 -> 0 | AD101: =T101+V101 -> 0
A102: 45294 | B102: 特能星光#3光伏电站 | C102: 光伏 | D102: 20 | E102: 晴 | F102: 5.77 | G102: 2.1 | H102: 12.3035 | I102: 7.7787 | J102: 7.7582 | K102: 4.5248 | L102: 0.3678 | M102: 29.1838 | R102: 29.1838 | T102: 0 | U102: 0 | V102: 0 | W102: 0 | X102: 0 | Y102: 0 | Z102: 0 | AA102: 0 | AB102: 1 | AC102: =U102+W102 -> 0 | AD102: =T102+V102 -> 0
A103: 45294 | B103: 光羿青阳光伏电站 | C103: 光伏 | D103: 100 | E103: 晴 | F103: 5.45 | G103: 0 | H103: 44.1299 | I103: 31.5033 | J103: 30.454 | K103: 12.5162 | L103: 0.2843 | M103: 93.9 | R103: 93.9 | T103: 0.0768 | U103: 0 | V103: 0 | W103: 0 | X103: 0 | Y103: 0.0336 | Z103: 0 | AA103: 0 | AB103: 0.9983 | AC103: =U103+W103 -> 0 | AD103: =T103+V103 -> 0.0768
A104: 45294 | B104: 干龙潭光伏电站 | C104: 光伏 | D104: 30 | E104: 多云 | F104: 1.83 | G104: 0.8 | H104: 4.4651 | I104: 4.2774 | J104: 4.2278 | K104: 0 | L104: 0 | M104: 22.5362 | R104: 22.5362 | T104: 0 | U104: 0 | V104: 0 | W104: 0 | X104: 0 | Y104: 0 | Z104: 0 | AA104: 0 | AB104: 1 | AC104: =U104+W104 -> 0 | AD104: =T104+V104 -> 0
... A129: 45294 | B129: 新园古日班风电一场 | C129: 风机 | D129: 200 | E129: 阴 | F129: 0 | G129: 12.48 | H129: 380.9102 | I129: 370.2986 | J129: 361.68 | K129: 10.6116 | L129: 0.0279 | M129: 990 | R129: 990 | T129: 0 | U129: 0 | V129: 0 | W129: 0 | X129: 0 | Y129: 0 | Z129: 0 | AA129: 0 | AB129: 1 | AC129: =U129+W129 -> 0 | AD129: =T129+V129 -> 0
A130: 45294 | B130: 100MW星奥光伏电站 | C130: 光伏 | D130: 100 | E130: 晴 | F130: 5.77 | G130: 2.1 | H130: 57.6667 | I130: 9.31 | J130: 8.75 | K130: 0 | L130: 0.8385 | M130: 25.41 | N130: 1007 | O130: 0.0252 | P130: -0.072 | Q130: 19919 | R130: 25.41 | S130: 0.0013 | T130: 0 | U130: 0 | V130: 0 | W130: 0 | X130: 0 | Y130: 0 | Z130: 0 | AA130: 0 | AB130: 1 | AC130: =U130+W130 -> 0 | AD130: =T130+V130 -> 0
A131: 45294 | B131: 军红风电场 | C131: 风电 | D131: 100 | E131: 晴 | F131: / | G131: 5.62 | H131: 4.7743 | I131: 4.41 | J131: 4.2592 | K131: 0 | L131: 0 | M131: 6.4328 | N131: 127 | O131: 0.0507 | P131: 0.0014 | Q131: / | R131: 6.4328 | S131: / | T131: 0 | U131: 0 | V131: 0 | W131: 0 | X131: 0 | Y131: 0 | Z131: 0 | AA131: 0 | AB131: 1 | AC131: =U131+W131 -> 0 | AD131: =T131+V131 -> 0
A132: 45294 | B132: 天津武清白古屯风电场 | C132: 风电 | D132: 33 | E132: 晴 | F132: / | G132: 5.5 | H132: 5.5256 | I132: 0.9167 | J132: 0.8907 | K132: 0 | L132: 0 | M132: 3.9687 | N132: / | O132: / | P132: / | Q132: / | R132: 3.9687 | S132: / | T132: 0 | U132: 0 | V132: 0 | W132: 0 | X132: 0 | Y132: 0 | Z132: 0 | AA132: 4.6089 | AB132: 1 | AC132: =U132+W132 -> 0 | AD132: =T132+V132 -> 0
A133: 45294 | B133: 佳阳光储电站 | C133: 光伏 | D133: 51.9 | E133: 晴 | F133: 5 | G133: 0.7 | H133: 31.5498 | I133: 31.3929 | J133: 29.04 | K133: 0 | L133: 0 | M133: 58.08 | N133: 174 | O133: 0.3338 | Q133: 5420 | R133: 58.08 | S133: 0.0107 | T133: 0 | U133: 0 | V133: 0 | W133: 0 | X133: 0 | Y133: 0 | Z133: 0 | AA133: 0 | AB133: 1 | AC133: =U133+W133 -> 0 | AD133: =T133+V133 -> 0
A134: 45294 | B134: 110kV昙泉光伏电站 | C134: 光伏 | D134: 100 | E134: 晴 | F134: 5.26 | G134: 2.27 | H134: 0 | I134: 5.3924 | J134: 5.3592 | K134: 0 | L134: 0 | M134: 12.9052 | N134: 21 | O134: 0.61 | P134: 0 | Q134: 5723 | R134: 12.9052 | S134: 0.0023 | T134: 0 | U134: 0 | V134: 0 | W134: 0 | X134: 0 | Y134: 0 | Z134: 0 | AA134: 0 | AB134: 1 | AC134: =U134+W134 -> 0 | AD134: =T134+V134 -> 0
A135: 45294 | B135: 干龙潭光伏电站二期 | C135: 光储 | D135: 50 | E135: 多云 | F135: 1.13 | G135: 0.86 | H135: 4.2415 | I135: 4.0475 | J135: 4.0277 | K135: 0 | L135: 0 | M135: 26.7218 | N135: 653 | O135: 0.0409 | Q135: 6458 | R135: 26.7218 | S135: 0.0041 | T135: 0 | U135: 0 | V135: 0 | W135: 0 | X135: 0 | Y135: 0 | Z135: 0 | AA135: 0 | AB135: 1 | AC135: =U135+W135 -> 0 | AD135: =T135+V135 -> 0
A136: 发电事业部2024年01月04日电站报表
A137: 序号 | B137: 运行单位 | C137: 项目类型 | D137: 容量（MW） | E137: 天气 | F137: 日辐照量（kWh/m²） | G137: 风速（m/s） | H137: 日标杆机理论发电量（万kWh） | I137: 日实际发电量（万kWh） | J137: 日上网电量（万kWh） | K137: 日限电量（万kWh） | L137: 日限电率（%） | M137: 月累计上网电量（万kWh） | N137: 月计划电量（万kWh） | O137: 月完成率（%） | P137: 月度偏差率（正值为超发，负值为欠发）% | Q137: 年计划上网电量（万kWh） | R137: 年累计上网电量(万kWh） | S137: 年完成率（%） | T137: 发电设备故障损失电量（万kWh） | U137: 发电设备检修损失电量（万kWh） | V137: 输变电设备故障损失电量（万kWh | W137: 输变电设备检修维护损失电量（万kWh） | X137: 电网受累损失电量（万kWh） | Y137: 自然灾害损失电量（万kWh） | Z137: 其他受累损失电量（万kWh） | AA137: 工程期损失电量（万kWh） | AB137: 设备可利用率（日%） | AC137: 检修损失电量（万kWh） | AD137: 故障损失电量（万kWh）
A138: 45295 | B138: 特新光伏电站 | C138: 光伏 | D138: 100 | E138: 晴 | F138: 5.14 | G138: 2.06 | H138: 47.1875 | I138: 44.275 | J138: 44.1875 | K138: 3 | L138: 0.0635 | M138: 152.95 | R138: 152.95 | T138: 0 | U138: 0 | V138: 0 | W138: 0 | X138: 0 | Y138: 0 | Z138: 0 | AA138: 0 | AB138: 1 | AC138: =U138+W138 -> 0 | AD138: =T138+V138 -> 0
A139: 45295 | B139: 奈曼旗汇特光伏电站 | C139: 光伏 | D139: 30 | E139: 多云转晴 | F139: 3.91 | G139: 0 | H139: 10.411 | I139: 10.411 | J139: 10.296 | K139: 0 | L139: 0 | M139: 38.544 | R139: 38.544 | T139: 0 | U139: 0 | V139: 0 | W139: 0 | X139: 0 | Y139: 0 | Z139: 0 | AA139: 0 | AB139: 1 | AC139: =U139+W139 -> 0 | AD139: =T139+V139 -> 0
A140: 45295 | B140: 行唐郜河光伏电站 | C140: 光伏 | D140: 5.48 | E140: 晴 | F140: 3.74 | G140: 0 | H140: 1.679 | I140: 1.679 | J140: 1.596 | K140: 0 | L140: 0 | M140: 4.788 | R140: 4.788 | T140: 0 | U140: 0 | V140: 0 | W140: 0 | X140: 0 | Y140: 0 | Z140: 0 | AA140: 0 | AB140: 1 | AC140: =U140+W140 -> 0 | AD140: =T140+V140 -> 0
A141: 45295 | B141: 华光光伏电站 | C141: 光伏 | D141: 10 | E141: 多云 | F141: 3.01 | G141: 0.66 | H141: 2.8782 | I141: 2.7148 | J141: 2.64 | K141: 0 | L141: 0 | M141: 12.54 | R141: 12.54 | T141: 0 | U141: 0 | V141: 0 | W141: 0 | X141: 0 | Y141: 0 | Z141: 0 | AA141: 0 | AB141: 1 | AC141: =U141+W141 -> 0 | AD141: =T141+V141 -> 0
A142: 45295 | B142: 绿曦光伏电站 | C142: 光伏 | D142: 80 | E142: 晴 | F142: 5.42 | G142: 1.37 | H142: 38.18 | I142: 36.96 | J142: 36.85 | K142: 0 | L142: 0 | M142: 132 | R142: 132 | T142: 0 | U142: 0 | V142: 0 | W142: 0 | X142: 0 | Y142: 0 | Z142: 0 | AA142: 0 | AB142: 1 | AC142: =U142+W142 -> 0 | AD142: =T142+V142 -> 0
A143: 45295 | B143: 特能星光#3光伏电站 | C143: 光伏 | D143: 20 | E143: 晴 | F143: 5.91 | G143: 2.1 | H143: 12.6567 | I143: 10.9889 | J143: 10.9749 | K143: 1.6678 | L143: 0.1318 | M143: 40.1587 | R143: 40.1587 | T143: 0 | U143: 0 | V143: 0 | W143: 0 | X143: 0 | Y143: 0 | Z143: 0 | AA143: 0 | AB143: 1 | AC143: =U143+W143 -> 0 | AD143: =T143+V143 -> 0
A144: 45295 | B144: 武晟庄华光伏电站 | C144: 光伏 | D144: 130 | E144: 晴转多云 | F144: 5.13 | G144: 0.39 | H144: 74.5328 | I144: 55.7761 | J144: 54.4635 | K144: 18.76 | L144: 0.2517 | M144: 211.1655 | R144: 211.1655 | T144: 0 | U144: 0 | V144: 0 | W144: 0 | X144: 0 | Y144: 0 | Z144: 0 | AA144: 0 | AB144: 1 | AC144: =U144+W144 -> 0 | AD144: =T144+V144 -> 0
A145: 45295 | B145: 110kV晖源光伏电站 | C145: 光伏 | D145: 50 | E145: 多云 | F145: 5.76 | G145: 1.53 | H145: 24.56 | I145: 18.585 | J145: 18.48 | K145: 5.927 | L145: 0.2418 | M145: 77 | R145: 77 | T145: 0.048 | U145: 0 | V145: 0 | W145: 0 | X145: 0 | Y145: 0 | Z145: 0 | AA145: 0 | AB145: 0.9977 | AC145: =U145+W145 -> 0 | AD145: =T145+V145 -> 0.048
A146: 45295 | B146: 光羿青阳光伏电站 | C146: 光伏 | D146: 100 | E146: 晴 | F146: 5.51 | G146: 0 | H146: 44.3776 | I146: 39.019 | J146: 37.645 | K146: 5.2425 | L146: 0.1184 | M146: 131.545 | R146: 131.545 | T146: 0.0808 | U146: 0 | V146: 0 | W146: 0 | X146: 0 | Y146: 0.0353 | Z146: 0 | AA146: 0 | AB146: 0.9982 | AC146: =U146+W146 -> 0 | AD146: =T146+V146 -> 0.0808
A147: 45295 | B147: 光炽将军尧储能电站 | C147: 光伏 | D147: 300 | E147: 晴天 | F147: 5.25 | G147: 0 | H147: 179.2875 | I147: 121.305 | J147: 119.659 | K147: 57.9825 | L147: 0.3234 | M147: 426.856 | R147: 426.856 | T147: 0 | U147: 0 | V147: 0 | W147: 0 | X147: 0 | Y147: 0 | Z147: 0 | AA147: 0 | AB147: 1 | AC147: =U147+W147 -> 0 | AD147: =T147+V147 -> 0
A148: 45295 | B148: 干龙潭光伏电站 | C148: 光伏 | D148: 30 | E148: 多云转晴 | F148: 5.8 | G148: 0.8 | H148: 13.9854 | I148: 13.8124 | J148: 13.7608 | K148: 0 | L148: 0 | M148: 36.297 | R148: 36.297 | T148: 0 | U148: 0 | V148: 0 | W148: 0 | X148: 0 | Y148: 0 | Z148: 0 | AA148: 0 | AB148: 1 | AC148: =U148+W148 -> 0 | AD148: =T148+V148 -> 0
A149: 45295 | B149: 子牙关光伏电站 | C149: 光伏 | D149: 30 | E149: 晴 | F149: 5.89 | G149: 1.1 | H149: 14.8798 | I149: 14.588 | J149: 14.56 | K149: 0 | L149: 0 | M149: 55.552 | R149: 55.552 | T149: 0 | U149: 0 | V149: 0 | W149: 0 | X149: 0 | Y149: 0 | Z149: 0 | AA149: 0 | AB149: 1 | AC149: =U149+W149 -> 0 | AD149: =T149+V149 -> 0
... A174: 45295 | B174: 卓尚若羌风电一场 | C174: 风机 | D174: 50 | E174: 晴 | F174: 0 | G174: 3.11 | H174: 9.999 | I174: 4.7566 | J174: 4.6816 | K174: 5.2424 | L174: 0.5243 | M174: 15.9984 | R174: 15.9984 | T174: 0 | U174: 0 | V174: 0 | W174: 0 | X174: 0 | Y174: 0 | Z174: 0 | AA174: 0 | AB174: 1 | AC174: =U174+W174 -> 0 | AD174: =T174+V174 -> 0
A175: 45295 | B175: 100MW星奥光伏电站 | C175: 光伏 | D175: 100 | E175: 晴 | F175: 5.91 | G175: 2.1 | H175: 59.1111 | I175: 9.0837 | J175: 8.26 | K175: 0 | L175: 0.8463 | M175: 33.67 | N175: 1007 | O175: 0.0334 | P175: -0.096 | Q175: 19919 | R175: 33.67 | S175: 0.0017 | T175: 0 | U175: 0 | V175: 0 | W175: 0 | X175: 0 | Y175: 0 | Z175: 0 | AA175: 0 | AB175: 1 | AC175: =U175+W175 -> 0 | AD175: =T175+V175 -> 0
A176: 45295 | B176: 军红风电场 | C176: 风电 | D176: 100 | E176: 晴 | F176: / | G176: 4.13 | H176: 1.7022 | I176: 1.47 | J176: 1.32 | K176: 0 | L176: 0 | M176: 7.7528 | N176: 127 | O176: 0.061 | P176: -0.0218 | Q176: / | R176: 7.7528 | S176: / | T176: 0 | U176: 0 | V176: 0 | W176: 0 | X176: 0 | Y176: 0 | Z176: 0 | AA176: 0 | AB176: 1 | AC176: =U176+W176 -> 0 | AD176: =T176+V176 -> 0
A177: 45295 | B177: 天津武清白古屯风电场 | C177: 风电 | D177: 33 | E177: 晴 | F177: / | G177: 4.38 | H177: 0.7897 | I177: 0.5426 | J177: 0.471 | K177: 0 | L177: 0 | M177: 4.4397 | N177: / | O177: / | P177: / | Q177: / | R177: 4.4397 | S177: / | T177: 0 | U177: 0 | V177: 0 | W177: 0 | X177: 0 | Y177: 0 | Z177: 0 | AA177: 0.2471 | AB177: 1 | AC177: =U177+W177 -> 0 | AD177: =T177+V177 -> 0
A178: 45295 | B178: 佳阳光储电站 | C178: 光储 | D178: 53.4 | E178: 晴 | F178: 4.26 | G178: 1.99 | H178: 28.42 | I178: 28.287 | J178: 26.4 | K178: 0 | L178: 0 | M178: 84.48 | N178: 174 | O178: 0.4855 | P178: / | Q178: 5420 | R178: 84.48 | S178: 0.0156 | T178: 0 | U178: 0 | V178: 0 | W178: 0 | X178: 0 | Y178: 0 | Z178: 0 | AA178: 0 | AB178: 1 | AC178: =U178+W178 -> 0 | AD178: =T178+V178 -> 0
A179: 45295 | B179: 110kV昙泉光伏电站 | C179: 光伏 | D179: 100 | E179: 晴 | F179: 16.64 | G179: 2.1 | H179: 0 | I179: 5.2918 | J179: 4.8818 | K179: 0 | L179: 0 | M179: 17.787 | N179: 21 | O179: 0.847 | P179: 0.718 | Q179: 6350 | R179: 17.787 | S179: 0.0028 | T179: 0 | U179: 0 | V179: 0 | W179: 0 | X179: 0 | Y179: 0 | Z179: 0 | AA179: 0 | AB179: 1 | AC179: =U179+W179 -> 0 | AD179: =T179+V179 -> 0
A180: 45295 | B180: 干龙潭光伏电站二期 | C180: 光储 | D180: 50 | E180: 多云转晴 | F180: 4.25 | G180: 0.86 | H180: 15.9828 | I180: 15.8451 | J180: 15.7907 | K180: 0 | L180: 0 | M180: 42.5125 | N180: 653 | O180: 0.0651 | Q180: 6458 | R180: 42.5125 | S180: 0.0065 | T180: 0 | U180: 0 | V180: 0 | W180: 0 | X180: 0 | Y180: 0 | Z180: 0 | AA180: 0 | AB180: 1 | AC180: =U180+W180 -> 0 | AD180: =T180+V180 -> 0
A181: 发电事业部2024年01月05日电站报表
A182: 序号 | B182: 运行单位 | C182: 项目类型 | D182: 容量（MW） | E182: 天气 | F182: 日辐照量（kWh/m²） | G182: 风速（m/s） | H182: 日标杆机理论发电量（万kWh） | I182: 日实际发电量（万kWh） | J182: 日上网电量（万kWh） | K182: 日限电量（万kWh） | L182: 日限电率（%） | M182: 月累计上网电量（万kWh） | N182: 月计划电量（万kWh） | O182: 月完成率（%） | P182: 月度偏差率（正值为超发，负值为欠发）% | Q182: 年计划上网电量（万kWh） | R182: 年累计上网电量(万kWh） | S182: 年完成率（%） | T182: 发电设备故障损失电量（万kWh） | U182: 发电设备检修损失电量（万kWh） | V182: 输变电设备故障损失电量（万kWh | W182: 输变电设备检修维护损失电量（万kWh） | X182: 电网受累损失电量（万kWh） | Y182: 自然灾害损失电量（万kWh） | Z182: 其他受累损失电量（万kWh） | AA182: 工程期损失电量（万kWh） | AB182: 设备可利用率（日%） | AC182: 检修损失电量（万kWh） | AD182: 故障损失电量（万kWh）
A183: 45296 | B183: 特新光伏电站 | C183: 光伏 | D183: 100 | E183: 多云 | F183: 4.58 | G183: 1.52 | H183: 41.4749 | I183: 35.8749 | J183: 35.7875 | K183: 5.6 | L183: 0.135 | M183: 188.7375 | R183: 188.7375 | T183: 0 | U183: 0 | V183: 0 | W183: 0 | X183: 0 | Y183: 0 | Z183: 0 | AA183: 0 | AB183: 1 | AC183: =U183+W183 -> 0 | AD183: =T183+V183 -> 0
A184: 45296 | B184: 华光光伏电站 | C184: 光伏 | D184: 10 | E184: 晴 | F184: 4.76 | G184: 0.75 | H184: 4.9194 | I184: 4.6358 | J184: 4.62 | K184: 0.2836 | L184: 0.0576 | M184: 17.16 | R184: 17.16 | T184: 0 | U184: 0 | V184: 0 | W184: 0 | X184: 0 | Y184: 0 | Z184: 0 | AA184: 0 | AB184: 1 | AC184: =U184+W184 -> 0 | AD184: =T184+V184 -> 0
A185: 45296 | B185: 行唐郜河光伏电站 | C185: 光伏 | D185: 5.48 | E185: 晴 | F185: 3.86 | G185: 0 | H185: 1.6951 | I185: 1.6951 | J185: 1.596 | K185: 0 | L185: 0 | M185: 6.384 | R185: 6.384 | T185: 0 | U185: 0 | V185: 0 | W185: 0 | X185: 0 | Y185: 0 | Z185: 0 | AA185: 0 | AB185: 1 | AC185: =U185+W185 -> 0 | AD185: =T185+V185 -> 0
A186: 45296 | B186: 绿曦光伏电站 | C186: 光伏 | D186: 80 | E186: 晴 | F186: 5.44 | G186: 0.5 | H186: 38.18 | I186: 37.1 | J186: 36.85 | K186: 0 | L186: 0 | M186: 168.85 | R186: 168.85 | T186: 0 | U186: 0 | V186: 0 | W186: 0 | X186: 0 | Y186: 0 | Z186: 0 | AA186: 0 | AB186: 1 | AC186: =U186+W186 -> 0 | AD186: =T186+V186 -> 0
A187: 45296 | B187: 奈曼旗汇特光伏电站 | C187: 光伏 | D187: 30 | E187: 多云 | F187: 4.08 | G187: 0 | H187: 11.17 | I187: 10.3157 | J187: 10.2432 | K187: 0.8543 | L187: 0.0765 | M187: 48.7872 | R187: 48.7872 | T187: 0 | U187: 0 | V187: 0 | W187: 0 | X187: 0 | Y187: 0 | Z187: 0 | AA187: 0 | AB187: 1 | AC187: =U187+W187 -> 0 | AD187: =T187+V187 -> 0
A188: 45296 | B188: 特能星光#3光伏电站 | C188: 光伏 | D188: 20 | E188: 晴 | F188: 5.98 | G188: 1.6 | H188: 12.6187 | I188: 11.1983 | J188: 11.1821 | K188: 1.4204 | L188: 0.1126 | M188: 51.3408 | R188: 51.3408 | T188: 0 | U188: 0 | V188: 0 | W188: 0 | X188: 0 | Y188: 0 | Z188: 0 | AA188: 0 | AB188: 1 | AC188: =U188+W188 -> 0 | AD188: =T188+V188 -> 0
A189: 45296 | B189: 110kV晖源光伏电站 | C189: 光伏 | D189: 50 | E189: 晴 | F189: 5.62 | G189: 1.49 | H189: 23.97 | I189: 23.856 | J189: 23.76 | K189: 0 | L189: 0 | M189: 100.76 | R189: 100.76 | T189: 0.049 | U189: 0 | V189: 0 | W189: 0 | X189: 0 | Y189: 0 | Z189: 0 | AA189: 0 | AB189: 0.9977 | AC189: =U189+W189 -> 0 | AD189: =T189+V189 -> 0.049
A190: 45296 | B190: 光炽将军尧储能电站 | C190: 光伏 | D190: 300 | E190: 晴天 | F190: 5.22 | G190: 0 | H190: 180.8336 | I190: 159.8577 | J190: 170.214 | K190: 20.9759 | L190: 0.116 | M190: 597.07 | R190: 597.07 | T190: 0.115 | U190: 0 | V190: 0 | W190: 0 | X190: 0 | Y190: 0 | Z190: 0 | AA190: 0 | AB190: 1 | AC190: =U190+W190 -> 0 | AD190: =T190+V190 -> 0.115
A191: 45296 | B191: 子牙关光伏电站 | C191: 光伏 | D191: 30 | E191: 晴 | F191: 5.92 | G191: 0.99 | H191: 14.5942 | I191: 14.308 | J191: 14.28 | K191: 0 | L191: 0 | M191: 69.832 | R191: 69.832 | T191: 0 | U191: 0 | V191: 0 | W191: 0 | X191: 0 | Y191: 0 | Z191: 0 | AA191: 0 | AB191: 1 | AC191: =U191+W191 -> 0 | AD191: =T191+V191 -> 0
A192: 45296 | B192: 武晟庄华光伏电站 | C192: 光伏 | D192: 130 | E192: 晴 | F192: 5.36 | G192: 0.78 | H192: 77.9125 | I192: 53.6897 | J192: 52.8444 | K192: 24.22 | L192: 0.3109 | M192: 264.0099 | R192: 264.0099 | T192: 0 | U192: 0 | V192: 0 | W192: 0 | X192: 0 | Y192: 0 | Z192: 0 | AA192: 0 | AB192: 1 | AC192: =U192+W192 -> 0 | AD192: =T192+V192 -> 0
A193: 45296 | B193: 光羿青阳光伏电站 | C193: 光伏 | D193: 100 | E193: 晴 | F193: 5.41 | G193: 0 | H193: 43.834 | I193: 41.9254 | J193: 40.406 | K193: 1.7353 | L193: 0.0397 | M193: 171.951 | R193: 171.951 | T193: 0.1155 | U193: 0 | V193: 0 | W193: 0 | X193: 0 | Y193: 0.0578 | Z193: 0 | AA193: 0 | AB193: 0.9974 | AC193: =U193+W193 -> 0 | AD193: =T193+V193 -> 0.1155
A194: 45296 | B194: 干龙潭光伏电站 | C194: 光伏 | D194: 30 | E194: 多云转晴 | F194: 6.6 | G194: 0.8 | H194: 16.0231 | I194: 15.8512 | J194: 15.8082 | K194: 0 | L194: 0 | M194: 52.1052 | R194: 52.1052 | T194: 0 | U194: 0 | V194: 0 | W194: 0 | X194: 0 | Y194: 0 | Z194: 0 | AA194: 0 | AB194: 1 | AC194: =U194+W194 -> 0 | AD194: =T194+V194 -> 0
... A219: 45296 | B219: 卓尚若羌风电一场 | C219: 风机 | D219: 50 | E219: 晴 | F219: 0 | G219: 2.89 | H219: 3.234 | I219: 2.8994 | J219: 2.8776 | K219: 0 | L219: 0 | M219: 18.876 | R219: 18.876 | T219: 0.3346 | U219: 0 | V219: 0 | W219: 0 | X219: 0 | Y219: 0 | Z219: 0 | AA219: 0 | AB219: 1 | AC219: =U219+W219 -> 0 | AD219: =T219+V219 -> 0.3346
A220: 45296 | B220: 100MW星奥光伏电站 | C220: 光伏 | D220: 100 | E220: 晴 | F220: 5.98 | G220: 1.6 | H220: 59.75 | I220: 12.1423 | J220: 9.037 | K220: 0 | L220: 0.7968 | M220: 42.707 | N220: 1007 | O220: 0.0424 | P220: -0.119 | Q220: 19919 | R220: 42.707 | S220: 0.0021 | T220: 0 | U220: 0 | V220: 0 | W220: 0 | X220: 0 | Y220: 0 | Z220: 0 | AA220: 0 | AB220: 1 | AC220: =U220+W220 -> 0 | AD220: =T220+V220 -> 0
...

Sheet 日报
B3: 选择日期 | D3: 45414
B4: 发电运营事业部5月2日BOO电站电量数据报表 | AG4: 季度累计
B5: 序号 | C5: 电站名称 | D5: 容量（MW） | E5: 天气 | F5: 日辐照量（kWh/m2）风速（m/s） | G5: 日标杆机理论发电量（万kWh） | H5: 日实际发电量（万kWh） | I5: 日上网电量（万kWh） | J5: 日限电量 （万kWh） | K5: 日限电率（%） | L5: 月累计电量（万kWh） | M5: 月计划电量（万kWh） | N5: 月度偏差电量（万kWh） | O5: 月完成率（%） | P5: 月度偏差率（%） | Q5: 季度累计电量（万kWh） | R5: 季度计划电量（万kWh） | S5: 季度偏差电量（万kWh） | T5: 季度完成率（%） | U5: 季度偏差率（%） | V5: 年累计上网电量（万kWh） | W5: 年计划上网电量（万kWh） | X5: 年度偏差电量（万kWh） | Y5: 年完成率（%） | Z5: 年度偏差率（%） | AA5: 检修损失电量（万kWh） | AB5: 故障损失电量（万kWh） | AC5: 备注（TOP3偏差原因） | AG5: 4月 | AH5: 5月
A6: 特新光伏电站 | B6: BO01 | C6: 阳泉特新 | D6: 100 | E6: =LOOKUP(1,0/(($D$3=数据提取表!$A:$A)*($A6=数据提取表!$B:$B)),数据提取表!E:E) -> 晴 | F6: =LOOKUP(1,0/(($D$3=数据提取表!$A:$A)*($A6=数据提取表!$B:$B)),数据提取表!F:F) -> 6.54 | G6: =LOOKUP(1,0/(($D$3=数据提取表!$A:$A)*($A6=数据提取表!$B:$B)),数据提取表!H:H) -> 63.0998 | H6: =LOOKUP(1,0/(($D$3=数据提取表!$A:$A)*($A6=数据提取表!$B:$B)),数据提取表!I:I) -> 62.475 | I6: =LOOKUP(1,0/(($D$3=数据提取表!$A:$A)*($A6=数据提取表!$B:$B)),数据提取表!J:J) -> 62.3 | J6: =LOOKUP(1,0/(($D$3=数据提取表!$A:$A)*($A6=数据提取表!$B:$B)),数据提取表!K:K) -> 0 | K6: =J6/G6 -> 0 | L6: =LOOKUP(1,0/(($D$3=数据提取表!$A:$A)*($A6=数据提取表!$B:$B)),数据提取表!M:M) -> 117.6 | M6: =计划电量!O3 -> 1501 | N6: =L6-M6/31*日报辅助图!$D$1 -> 20.76129 | O6: =L6/M6 -> 0.078347768 | P6: =N6/M6 -> 0.013831639 | Q6: =L6+AG6+AH6 -> 1401.575 | R6: =计划电量!H3 -> 4357.4 | S6: =Q6-(计划电量!N3+计划电量!O3/31*日报辅助图!$D$1) -> 0.33629032 | T6: =Q6/R6 -> 0.32165397 | U6: =S6/R6 -> 7.7176831e-05 | V6: {=LOOKUP(1,0/(($D$3=数据提取表!$A:$A)*($A6=数据提取表!$B:$B)),数据提取表!R:R)} -> 4740.6625 | W6: =计划电量!F3 -> 14972.4 | X6: =V6-(计划电量!G3+计划电量!N3+计划电量!O3/31*日报辅助图!$D$1) -> -219.57621 | Y6: =V6/W6 -> 0.31662676 | Z6: =X6/W6 -> -0.014665398 | AA6: {=LOOKUP(1,0/(($D$3=数据提取表!$A:$A)*($A6=数据提取表!$B:$B)),数据提取表!AC:AC)} -> 0 | AB6: {=LOOKUP(1,0/(($D$3=数据提取表!$A:$A)*($A6=数据提取表!$B:$B)),数据提取表!AD:AD)} -> 0 | AC6: TOP1:景峡思甜东：月度负偏差220.47万kWh，偏差率-4.98%，主要为风资源未达预期。 TOP2:中闽大石头：月度负偏差184.66万kWh，偏差率-3.15%，主要为风资源未达预期。 TOP3:嘉裕大石头：月度负偏差144.81万kWh，偏差率-4.02%，主要为沙尘暴天气42台(11台故障长停)烟雾传感器动作风机环网柜跳闸导致受累损失80万kWh。 | AG6: 1283.975
A7: 110kV晖源光伏电站 | B7: BO02 | C7: 芮城晖源 | D7: 50 | E7: =LOOKUP(1,0/(($D$3=数据提取表!$A:$A)*($A7=数据提取表!$B:$B)),数据提取表!E:E) -> 晴 | F7: =LOOKUP(1,0/(($D$3=数据提取表!$A:$A)*($A7=数据提取表!$B:$B)),数据提取表!F:F) -> 7.51 | G7: =LOOKUP(1,0/(($D$3=数据提取表!$A:$A)*($A7=数据提取表!$B:$B)),数据提取表!H:H) -> 31.9854 | H7: =LOOKUP(1,0/(($D$3=数据提取表!$A:$A)*($A7=数据提取表!$B:$B)),数据提取表!I:I) -> 30.45 | I7: =LOOKUP(1,0/(($D$3=数据提取表!$A:$A)*($A7=数据提取表!$B:$B)),数据提取表!J:J) -> 30.36 | J7: =LOOKUP(1,0/(($D$3=数据提取表!$A:$A)*($A7=数据提取表!$B:$B)),数据提取表!K:K) -> 0.5354 | K7: =J7/G7 -> 0.016738887 | L7: =LOOKUP(1,0/(($D$3=数据提取表!$A:$A)*($A7=数据提取表!$B:$B)),数据提取表!M:M) -> 63.36 | M7: =计划电量!O4 -> 601 | N7: =L7-M7/31*日报辅助图!$D$1 -> 24.585806 | O7: =L7/M7 -> 0.10542429 | P7: =N7/M7 -> 0.040908164 | Q7: =L7+AG7+AH7 -> 698.28 | R7: =计划电量!H4 -> 1964 | S7: =Q7-(计划电量!N4+计划电量!O4/31*日报辅助图!$D$1) -> 56.505806 | T7: =Q7/R7 -> 0.35553971 | U7: =S7/R7 -> 0.028770777 | V7: {=LOOKUP(1,0/(($D$3=数据提取表!$A:$A)*($A7=数据提取表!$B:$B)),数据提取表!R:R)} -> 2123.44 | W7: =计划电量!F4 -> 7203 | X7: =V7-(计划电量!G4+计划电量!N4+计划电量!O4/31*日报辅助图!$D$1) -> -235.33419 | Y7: =V7/W7 -> 0.29479939 | Z7: =X7/W7 -> -0.032671691 | AA7: {=LOOKUP(1,0/(($D$3=数据提取表!$A:$A)*($A7=数据提取表!$B:$B)),数据提取表!AC:AC)} -> 0 | AB7: {=LOOKUP(1,0/(($D$3=数据提取表!$A:$A)*($A7=数据提取表!$B:$B)),数据提取表!AD:AD)} -> 0 | AG7: 634.92
A8: 四槐光华光伏电站 | B8: BO03 | C8: 新泰四槐 | D8: 50 | E8: =LOOKUP(1,0/(($D$3=数据提取表!$A:$A)*($A8=数据提取表!$B:$B)),数据提取表!E:E) -> 晴 | F8: =LOOKUP(1,0/(($D$3=数据提取表!$A:$A)*($A8=数据提取表!$B:$B)),数据提取表!F:F) -> 7.51 | G8: =LOOKUP(1,0/(($D$3=数据提取表!$A:$A)*($A8=数据提取表!$B:$B)),数据提取表!H:H) -> 32.0852 | H8: =LOOKUP(1,0/(($D$3=数据提取表!$A:$A)*($A8=数据提取表!$B:$B)),数据提取表!I:I) -> 17.045 | I8: =LOOKUP(1,0/(($D$3=数据提取表!$A:$A)*($A8=数据提取表!$B:$B)),数据提取表!J:J) -> 16.94 | J8: =LOOKUP(1,0/(($D$3=数据提取表!$A:$A)*($A8=数据提取表!$B:$B)),数据提取表!K:K) -> 15.0402 | K8: =J8/G8 -> 0.46875818 | L8: =LOOKUP(1,0/(($D$3=数据提取表!$A:$A)*($A8=数据提取表!$B:$B)),数据提取表!M:M) -> 30.66 | M8: =计划电量!O5 -> 656 | N8: =L8-M8/31*日报辅助图!$D$1 -> -11.662581 | O8: =L8/M8 -> 0.046737805 | P8: =N8/M8 -> -0.017778324 | Q8: =L8+AG8+AH8 -> 672 | R8: =计划电量!H5 -> 1954 | S8: =Q8-(计划电量!N5+计划电量!O5/31*日报辅助图!$D$1) -> 27.677419 | T8: =Q8/R8 -> 0.34390993 | U8: =S8/R8 -> 0.014164493 | V8: {=LOOKUP(1,0/(($D$3=数据提取表!$A:$A)*($A8=数据提取表!$B:$B)),数据提取表!R:R)} -> 1799.49 | W8: =计划电量!F5 -> 6762 | X8: =V8-(计划电量!G5+计划电量!N5+计划电量!O5/31*日报辅助图!$D$1) -> -420.83258 | Y8: =V8/W8 -> 0.26611801 | Z8: =X8/W8 -> -0.062234928 | AA8: {=LOOKUP(1,0/(($D$3=数据提取表!$A:$A)*($A8=数据提取表!$B:$B)),数据提取表!AC:AC)} -> 0 | AB8: {=LOOKUP(1,0/(($D$3=数据提取表!$A:$A)*($A8=数据提取表!$B:$B)),数据提取表!AD:AD)} -> 0 | AG8: 641.34
A9: 华风风电场 | B9: BO04 | C9: 崇仁华风 | D9: 50 | E9: =LOOKUP(1,0/(($D$3=数据提取表!$A:$A)*($A9=数据提取表!$B:$B)),数据提取表!E:E) -> 小雨 | F9: =LOOKUP(1,0/(($D$3=数据提取表!$A:$A)*($A9=数据提取表!$B:$B)),数据提取表!G:G) -> 2.91 | G9: =LOOKUP(1,0/(($D$3=数据提取表!$A:$A)*($A9=数据提取表!$B:$B)),数据提取表!H:H) -> 8.5947 | H9: =LOOKUP(1,0/(($D$3=数据提取表!$A:$A)*($A9=数据提取表!$B:$B)),数据提取表!I:I) -> 8.1943 | I9: =LOOKUP(1,0/(($D$3=数据提取表!$A:$A)*($A9=数据提取表!$B:$B)),数据提取表!J:J) -> 7.92 | J9: =LOOKUP(1,0/(($D$3=数据提取表!$A:$A)*($A9=数据提取表!$B:$B)),数据提取表!K:K) -> 0 | K9: =J9/G9 -> 0 | L9: =LOOKUP(1,0/(($D$3=数据提取表!$A:$A)*($A9=数据提取表!$B:$B)),数据提取表!M:M) -> 22.44 | M9: =计划电量!O6 -> 1188 | N9: =L9-M9/31*日报辅助图!$D$1 -> -54.205161 | O9: =L9/M9 -> 0.018888889 | P9: =N9/M9 -> -0.04562724 | Q9: =L9+AG9+AH9 -> 1104.07 | R9: =计划电量!H6 -> 3712 | S9: =Q9-(计划电量!N6+计划电量!O6/31*日报辅助图!$D$1) -> -105.57516 | T9: =Q9/R9 -> 0.29743265 | U9: =S9/R9 -> -0.028441584 | V9: {=LOOKUP(1,0/(($D$3=数据提取表!$A:$A)*($A9=数据提取表!$B:$B)),数据提取表!R:R)} -> 3883.022 | W9: =计划电量!F6 -> 12700 | X9: =V9-(计划电量!G6+计划电量!N6+计划电量!O6/31*日报辅助图!$D$1) -> 135.37684 | Y9: =V9/W9 -> 0.30574976 | Z9: =X9/W9 -> 0.010659594 | AA9: {=LOOKUP(1,0/(($D$3=数据提取表!$A:$A)*($A9=数据提取表!$B:$B)),数据提取表!AC:AC)} -> 0 | AB9: {=LOOKUP(1,0/(($D$3=数据提取表!$A:$A)*($A9=数据提取表!$B:$B)),数据提取表!AD:AD)} -> 0 | AG9: 1081.63
A10: 浩屯浩风风电场 | B10: BO05 | C10: 王浩屯浩风 | D10: 50 | E10: =LOOKUP(1,0/(($D$3=数据提取表!$A:$A)*($A10=数据提取表!$B:$B)),数据提取表!E:E) -> 晴 | F10: =LOOKUP(1,0/(($D$3=数据提取表!$A:$A)*($A10=数据提取表!$B:$B)),数据提取表!G:G) -> 5.6 | G10: =LOOKUP(1,0/(($D$3=数据提取表!$A:$A)*($A10=数据提取表!$B:$B)),数据提取表!H:H) -> 30.2427 | H10: =LOOKUP(1,0/(($D$3=数据提取表!$A:$A)*($A10=数据提取表!$B:$B)),数据提取表!I:I) -> 27.0268 | I10: =LOOKUP(1,0/(($D$3=数据提取表!$A:$A)*($A10=数据提取表!$B:$B)),数据提取表!J:J) -> 25.62 | J10: =LOOKUP(1,0/(($D$3=数据提取表!$A:$A)*($A10=数据提取表!$B:$B)),数据提取表!K:K) -> 2.55 | K10: =J10/G10 -> 0.084317868 | L10: =LOOKUP(1,0/(($D$3=数据提取表!$A:$A)*($A10=数据提取表!$B:$B)),数据提取表!M:M) -> 31.71 | M10: =计划电量!O7 -> 1202 | N10: =L10-M10/31*日报辅助图!$D$1 -> -45.838387 | O10: =L10/M10 -> 0.026381032 | P10: =N10/M10 -> -0.038135097 | Q10: =L10+AG10+AH10 -> 1242.36 | R10: =计划电量!H7 -> 3439 | S10: =Q10-(计划电量!N7+计划电量!O7/31*日报辅助图!$D$1) -> -167.18839 | T10: =Q10/R10 -> 0.36125618 | U10: =S10/R10 -> -0.048615408 | V10: {=LOOKUP(1,0/(($D$3=数据提取表!$A:$A)*($A10=数据提取表!$B:$B)),数据提取表!R:R)} -> 5143.32 | W10: =计划电量!F7 -> 12070 | X10: =V10-(计划电量!G7+计划电量!N7+计划电量!O7/31*日报辅助图!$D$1) -> 241.77161 | Y10: =V10/W10 -> 0.42612428 | Z10: =X10/W10 -> 0.020030788 | AA10: {=LOOKUP(1,0/(($D$3=数据提取表!$A:$A)*($A10=数据提取表!$B:$B)),数据提取表!AC:AC)} -> 0 | AB10: {=LOOKUP(1,0/(($D$3=数据提取表!$A:$A)*($A10=数据提取表!$B:$B)),数据提取表!AD:AD)} -> 0 | AG10: 1210.65
A11: 干龙潭光伏电站 | B11: BO06 | C11: 云县干龙潭 | D11: 30 | E11: =LOOKUP(1,0/(($D$3=数据提取表!$A:$A)*($A11=数据提取表!$B:$B)),数据提取表!E:E) -> 多云 | F11: =LOOKUP(1,0/(($D$3=数据提取表!$A:$A)*($A11=数据提取表!$B:$B)),数据提取表!F:F) -> 4.3 | G11: =LOOKUP(1,0/(($D$3=数据提取表!$A:$A)*($A11=数据提取表!$B:$B)),数据提取表!H:H) -> 10.3087 | H11: =LOOKUP(1,0/(($D$3=数据提取表!$A:$A)*($A11=数据提取表!$B:$B)),数据提取表!I:I) -> 10.1097 | I11: =LOOKUP(1,0/(($D$3=数据提取表!$A:$A)*($A11=数据提取表!$B:$B)),数据提取表!J:J) -> 10.0898 | J11: =LOOKUP(1,0/(($D$3=数据提取表!$A:$A)*($A11=数据提取表!$B:$B)),数据提取表!K:K) -> 0 | K11: =J11/G11 -> 0 | L11: =LOOKUP(1,0/(($D$3=数据提取表!$A:$A)*($A11=数据提取表!$B:$B)),数据提取表!M:M) -> 17.2346 | M11: =计划电量!O8 -> 275 | N11: =L11-M11/31*日报辅助图!$D$1 -> -0.50733548 | O11: =L11/M11 -> 0.062671273 | P11: =N11/M11 -> -0.0018448563 | Q11: =L11+AG11+AH11 -> 284.2475 | R11: =计划电量!H8 -> 849 | S11: =Q11-(计划电量!N8+计划电量!O8/31*日报辅助图!$D$1) -> -82.494435 | T11: =Q11/R11 -> 0.33480271 | U11: =S11/R11 -> -0.097166591 | V11: {=LOOKUP(1,0/(($D$3=数据提取表!$A:$A)*($A11=数据提取表!$B:$B)),数据提取表!R:R)} -> 1454.5002 | W11: =计划电量!F8 -> 3672 | X11: =V11-(计划电量!G8+计划电量!N8+计划电量!O8/31*日报辅助图!$D$1) -> -171.24174 | Y11: =V11/W11 -> 0.39610572 | Z11: =X11/W11 -> -0.04663446 | AA11: {=LOOKUP(1,0/(($D$3=数据提取表!$A:$A)*($A11=数据提取表!$B:$B)),数据提取表!AC:AC)} -> 0 | AB11: {=LOOKUP(1,0/(($D$3=数据提取表!$A:$A)*($A11=数据提取表!$B:$B)),数据提取表!AD:AD)} -> 0 | AG11: 267.0129
A12: 特能星光#3光伏电站 | B12: BO07 | C12: 敦煌星光 | D12: 20 | E12: =LOOKUP(1,0/(($D$3=数据提取表!$A:$A)*($A12=数据提取表!$B:$B)),数据提取表!E:E) -> 阴 | F12: =LOOKUP(1,0/(($D$3=数据提取表!$A:$A)*($A12=数据提取表!$B:$B)),数据提取表!F:F) -> 5.13 | G12: =LOOKUP(1,0/(($D$3=数据提取表!$A:$A)*($A12=数据提取表!$B:$B)),数据提取表!H:H) -> 11.092 | H12: =LOOKUP(1,0/(($D$3=数据提取表!$A:$A)*($A12=数据提取表!$B:$B)),数据提取表!I:I) -> 0 | I12: =LOOKUP(1,0/(($D$3=数据提取表!$A:$A)*($A12=数据提取表!$B:$B)),数据提取表!J:J) -> 0 | J12: =LOOKUP(1,0/(($D$3=数据提取表!$A:$A)*($A12=数据提取表!$B:$B)),数据提取表!K:K) -> 0 | K12: =J12/G12 -> 0 | L12: =LOOKUP(1,0/(($D$3=数据提取表!$A:$A)*($A12=数据提取表!$B:$B)),数据提取表!M:M) -> 0 | M12: =计划电量!O9 -> 388 | N12: =L12-M12/31*日报辅助图!$D$1 -> -25.032258 | O12: =L12/M12 -> 0 | P12: =N12/M12 -> -0.064516129 | Q12: =L12+AG12+AH12 -> 232.7277 | R12: =计划电量!H9 -> 1113 | S12: =Q12-(计划电量!N9+计划电量!O9/31*日报辅助图!$D$1) -> -109.30456 | T12: =Q12/R12 -> 0.20909946 | U12: =S12/R12 -> -0.09820715 | V12: {=LOOKUP(1,0/(($D$3=数据提取表!$A:$A)*($A12=数据提取表!$B:$B)),数据提取表!R:R)} -> 1085.8112 | W12: =计划电量!F9 -> 4106 | X12: =V12-(计划电量!G9+计划电量!N9+计划电量!O9/31*日报辅助图!$D$1) -> -170.22106 | Y12: =V12/W12 -> 0.26444501 | Z12: =X12/W12 -> -0.041456663 | AA12: {=LOOKUP(1,0/(($D$3=数据提取表!$A:$A)*($A12=数据提取表!$B:$B)),数据提取表!AC:AC)} -> 0 | AB12: {=LOOKUP(1,0/(($D$3=数据提取表!$A:$A)*($A12=数据提取表!$B:$B)),数据提取表!AD:AD)} -> 0 | AG12: 232.7277
A13: 高传官滩风力发电厂 | B13: BO08 | C13: 盱眙官滩 | D13: 80 | E13: =LOOKUP(1,0/(($D$3=数据提取表!$A:$A)*($A13=数据提取表!$B:$B)),数据提取表!E:E) -> 阴 | F13: =LOOKUP(1,0/(($D$3=数据提取表!$A:$A)*($A13=数据提取表!$B:$B)),数据提取表!G:G) -> 3.72 | G13: =LOOKUP(1,0/(($D$3=数据提取表!$A:$A)*($A13=数据提取表!$B:$B)),数据提取表!H:H) -> 18.722 | H13: =LOOKUP(1,0/(($D$3=数据提取表!$A:$A)*($A13=数据提取表!$B:$B)),数据提取表!I:I) -> 18.4729 | I13: =LOOKUP(1,0/(($D$3=数据提取表!$A:$A)*($A13=数据提取表!$B:$B)),数据提取表!J:J) -> 17.5119 | J13: =LOOKUP(1,0/(($D$3=数据提取表!$A:$A)*($A13=数据提取表!$B:$B)),数据提取表!K:K) -> 0 | K13: =J13/G13 -> 0 | L13: =LOOKUP(1,0/(($D$3=数据提取表!$A:$A)*($A13=数据提取表!$B:$B)),数据提取表!M:M) -> 25.5375 | M13: =计划电量!O10 -> 1483 | N13: =L13-M13/31*日报辅助图!$D$1 -> -70.139919 | O13: =L13/M13 -> 0.017220162 | P13: =N13/M13 -> -0.047295967 | Q13: =L13+AG13+AH13 -> 1431.3361 | R13: =计划电量!H10 -> 4437 | S13: =Q13-(计划电量!N10+计划电量!O10/31*日报辅助图!$D$1) -> -305.34132 | T13: =Q13/R13 -> 0.32259096 | U13: =S13/R13 -> -0.068817065 | V13: {=LOOKUP(1,0/(($D$3=数据提取表!$A:$A)*($A13=数据提取表!$B:$B)),数据提取表!R:R)} -> 7120.7777 | W13: =计划电量!F10 -> 18237 | X13: =V13-(计划电量!G10+计划电量!N10+计划电量!O10/31*日报辅助图!$D$1) -> -301.89972 | Y13: =V13/W13 -> 0.39045773 | Z13: =X13/W13 -> -0.016554242 | AA13: {=LOOKUP(1,0/(($D$3=数据提取表!$A:$A)*($A13=数据提取表!$B:$B)),数据提取表!AC:AC)} -> 0 | AB13: {=LOOKUP(1,0/(($D$3=数据提取表!$A:$A)*($A13=数据提取表!$B:$B)),数据提取表!AD:AD)} -> 0 | AG13: 1405.7986
A14: 子牙关光伏电站 | B14: BO09 | C14: 鹤庆子牙关 | D14: 30 | E14: =LOOKUP(1,0/(($D$3=数据提取表!$A:$A)*($A14=数据提取表!$B:$B)),数据提取表!E:E) -> 阴 | F14: =LOOKUP(1,0/(($D$3=数据提取表!$A:$A)*($A14=数据提取表!$B:$B)),数据提取表!F:F) -> 3.6 | G14: =LOOKUP(1,0/(($D$3=数据提取表!$A:$A)*($A14=数据提取表!$B:$B)),数据提取表!H:H) -> 8.9393 | H14: =LOOKUP(1,0/(($D$3=数据提取表!$A:$A)*($A14=数据提取表!$B:$B)),数据提取表!I:I) -> 8.764 | I14: =LOOKUP(1,0/(($D$3=数据提取表!$A:$A)*($A14=数据提取表!$B:$B)),数据提取表!J:J) -> 8.736 | J14: =LOOKUP(1,0/(($D$3=数据提取表!$A:$A)*($A14=数据提取表!$B:$B)),数据提取表!K:K) -> 0 | K14: =J14/G14 -> 0 | L14: =LOOKUP(1,0/(($D$3=数据提取表!$A:$A)*($A14=数据提取表!$B:$B)),数据提取表!M:M) -> 21.56 | M14: =计划电量!O11 -> 412 | N14: =L14-M14/31*日报辅助图!$D$1 -> -5.0206452 | O14: =L14/M14 -> 0.052330097 | P14: =N14/M14 -> -0.012186032 | Q14: =L14+AG14+AH14 -> 402.584 | R14: =计划电量!H11 -> 1147 | S14: =Q14-(计划电量!N11+计划电量!O11/31*日报辅助图!$D$1) -> -38.996645 | T14: =Q14/R14 -> 0.35098867 | U14: =S14/R14 -> -0.033998819 | V14: {=LOOKUP(1,0/(($D$3=数据提取表!$A:$A)*($A14=数据提取表!$B:$B)),数据提取表!R:R)} -> 1724.912 | W14: =计划电量!F11 -> 4708 | X14: =V14-(计划电量!G11+计划电量!N11+计划电量!O11/31*日报辅助图!$D$1) -> -4.6686452 | Y14: =V14/W14 -> 0.36637893 | Z14: =X14/W14 -> -0.00099164086 | AA14: {=LOOKUP(1,0/(($D$3=数据提取表!$A:$A)*($A14=数据提取表!$B:$B)),数据提取表!AC:AC)} -> 0 | AB14: {=LOOKUP(1,0/(($D$3=数据提取表!$A:$A)*($A14=数据提取表!$B:$B)),数据提取表!AD:AD)} -> 0 | AG14: 381.024
A15: 恒泰风电场 | B15: BO10 | C15: 穆店恒泰 | D15: 20 | E15: =LOOKUP(1,0/(($D$3=数据提取表!$A:$A)*($A15=数据提取表!$B:$B)),数据提取表!E:E) -> 晴 | F15: =LOOKUP(1,0/(($D$3=数据提取表!$A:$A)*($A15=数据提取表!$B:$B)),数据提取表!G:G) -> 4.15 | G15: =LOOKUP(1,0/(($D$3=数据提取表!$A:$A)*($A15=数据提取表!$B:$B)),数据提取表!H:H) -> 11.2686 | H15: =LOOKUP(1,0/(($D$3=数据提取表!$A:$A)*($A15=数据提取表!$B:$B)),数据提取表!I:I) -> 11.046 | I15: =LOOKUP(1,0/(($D$3=数据提取表!$A:$A)*($A15=数据提取表!$B:$B)),数据提取表!J:J) -> 11.0208 | J15: =LOOKUP(1,0/(($D$3=数据提取表!$A:$A)*($A15=数据提取表!$B:$B)),数据提取表!K:K) -> 0.1658 | K15: =J15/G15 -> 0.014713452 | L15: =LOOKUP(1,0/(($D$3=数据提取表!$A:$A)*($A15=数据提取表!$B:$B)),数据提取表!M:M) -> 13.025 | M15: =计划电量!O12 -> 490 | N15: =L15-M15/31*日报辅助图!$D$1 -> -18.587903 | O15: =L15/M15 -> 0.026581633 | P15: =N15/M15 -> -0.037934496 | Q15: =L15+AG15+AH15 -> 442.084 | R15: =计划电量!H12 -> 1569 | S15: =Q15-(计划电量!N12+计划电量!O12/31*日报辅助图!$D$1) -> -221.5289 | T15: =Q15/R15 -> 0.28176163 | U15: =S15/R15 -> -0.14119114 | V15: {=LOOKUP(1,0/(($D$3=数据提取表!$A:$A)*($A15=数据提取表!$B:$B)),数据提取表!R:R)} -> 2070.2761 | W15: =计划电量!F12 -> 5372 | X15: =V15-(计划电量!G12+计划电量!N12+计划电量!O12/31*日报辅助图!$D$1) -> -15.336803 | Y15: =V15/W15 -> 0.38538274 | Z15: =X15/W15 -> -0.0028549522 | AA15: {=LOOKUP(1,0/(($D$3=数据提取表!$A:$A)*($A15=数据提取表!$B:$B)),数据提取表!AC:AC)} -> 0 | AB15: {=LOOKUP(1,0/(($D$3=数据提取表!$A:$A)*($A15=数据提取表!$B:$B)),数据提取表!AD:AD)} -> 0 | AG15: 429.059
A16: 武晟庄华光伏电站 | B16: BO11 | C16: 武威武晟 | D16: 180 | E16: =LOOKUP(1,0/(($D$3=数据提取表!$A:$A)*($A16=数据提取表!$B:$B)),数据提取表!E:E) -> 晴转多云 | F16: =LOOKUP(1,0/(($D$3=数据提取表!$A:$A)*($A16=数据提取表!$B:$B)),数据提取表!F:F) -> 7.01 | G16: =LOOKUP(1,0/(($D$3=数据提取表!$A:$A)*($A16=数据提取表!$B:$B)),数据提取表!H:H) -> 106.5716 | H16: =LOOKUP(1,0/(($D$3=数据提取表!$A:$A)*($A16=数据提取表!$B:$B)),数据提取表!I:I) -> 71.1386 | I16: =LOOKUP(1,0/(($D$3=数据提取表!$A:$A)*($A16=数据提取表!$B:$B)),数据提取表!J:J) -> 73.7961 | J16: =LOOKUP(1,0/(($D$3=数据提取表!$A:$A)*($A16=数据提取表!$B:$B)),数据提取表!K:K) -> 35.43 | K16: =J16/G16 -> 0.33245255 | L16: =LOOKUP(1,0/(($D$3=数据提取表!$A:$A)*($A16=数据提取表!$B:$B)),数据提取表!M:M) -> 161.273 | M16: =计划电量!O13 -> 2714 | N16: =L16-M16/31*日报辅助图!$D$1 -> -13.823774 | O16: =L16/M16 -> 0.059422623 | P16: =N16/M16 -> -0.0050935056 | Q16: =L16+AG16+AH16 -> 1591.6719 | R16: =计划电量!H13 -> 7883 | S16: =Q16-(计划电量!N13+计划电量!O13/31*日报辅助图!$D$1) -> -1063.4249 | T16: =Q16/R16 -> 0.20191195 | U16: =S16/R16 -> -0.13490104 | V16: {=LOOKUP(1,0/(($D$3=数据提取表!$A:$A)*($A16=数据提取表!$B:$B)),数据提取表!R:R)} -> 5656.0056 | W16: =计划电量!F13 -> 24402 | X16: =V16-(计划电量!G13+计划电量!N13+计划电量!O13/31*日报辅助图!$D$1) -> -1737.0912 | Y16: =V16/W16 -> 0.23178451 | Z16: =X16/W16 -> -0.071186426 | AA16: {=LOOKUP(1,0/(($D$3=数据提取表!$A:$A)*($A16=数据提取表!$B:$B)),数据提取表!AC:AC)} -> 0 | AB16: {=LOOKUP(1,0/(($D$3=数据提取表!$A:$A)*($A16=数据提取表!$B:$B)),数据提取表!AD:AD)} -> 0 | AG16: 1430.3989
A17: 100MW星奥光伏电站 | B17: BO12 | C17: 敦煌星奥 | D17: 100 | E17: =LOOKUP(1,0/(($D$3=数据提取表!$A:$A)*($A17=数据提取表!$B:$B)),数据提取表!E:E) -> 阴 | F17: =LOOKUP(1,0/(($D$3=数据提取表!$A:$A)*($A17=数据提取表!$B:$B)),数据提取表!F:F) -> 5.41 | G17: =LOOKUP(1,0/(($D$3=数据提取表!$A:$A)*($A17=数据提取表!$B:$B)),数据提取表!H:H) -> 53.8407 | H17: =LOOKUP(1,0/(($D$3=数据提取表!$A:$A)*($A17=数据提取表!$B:$B)),数据提取表!I:I) -> 34.7005 | I17: =LOOKUP(1,0/(($D$3=数据提取表!$A:$A)*($A17=数据提取表!$B:$B)),数据提取表!J:J) -> 32.865 | J17: =LOOKUP(1,0/(($D$3=数据提取表!$A:$A)*($A17=数据提取表!$B:$B)),数据提取表!K:K) -> 19.1402 | K17: =J17/G17 -> 0.35549686 | L17: =LOOKUP(1,0/(($D$3=数据提取表!$A:$A)*($A17=数据提取表!$B:$B)),数据提取表!M:M) -> 96.467 | M17: =计划电量!O14 -> 2401 | N17: =L17-M17/31*日报辅助图!$D$1 -> -58.436226 | O17: =L17/M17 -> 0.040177843 | P17: =N17/M17 -> -0.024338286 | Q17: =L17+AG17+AH17 -> 1280.734 | R17: =计划电量!H14 -> 6761 | S17: =Q17-(计划电量!N14+计划电量!O14/31*日报辅助图!$D$1) -> -974.16923 | T17: =Q17/R17 -> 0.18942967 | U17: =S17/R17 -> -0.14408656 | V17: {=LOOKUP(1,0/(($D$3=数据提取表!$A:$A)*($A17=数据提取表!$B:$B)),数据提取表!R:R)} -> 3913.581 | W17: =计划电量!F14 -> 17591 | X17: =V17-(计划电量!G14+计划电量!N14+计划电量!O14/31*日报辅助图!$D$1) -> 253.67777 | Y17: =V17/W17 -> 0.22247632 | Z17: =X17/W17 -> 0.014420884 | AA17: {=LOOKUP(1,0/(($D$3=数据提取表!$A:$A)*($A17=数据提取表!$B:$B)),数据提取表!AC:AC)} -> 0 | AB17: {=LOOKUP(1,0/(($D$3=数据提取表!$A:$A)*($A17=数据提取表!$B:$B)),数据提取表!AD:AD)} -> 0 | AG17: 1184.267
B18: 存量项目小计 | D18: =SUM(D6:D17) -> 760 | E18: / | F18: / | G18: =SUM(G6:G17) -> 386.7507 | H18: =SUM(H6:H17) -> 299.4228 | I18: =SUM(I6:I17) -> 297.1596 | J18: =SUM(J6:J17) -> 72.8616 | K18: =J18/G18 -> 0.18839423 | L18: =SUM(L6:L17) -> 600.8671 | M18: =SUM(M6:M17) -> 13311 | N18: =SUM(N6:N17) -> -257.90709 | O18: =L18/M18 -> 0.045140643 | P18: =N18/M18 -> -0.019375486 | Q18: =SUM(Q6:Q17) -> 10783.67 | R18: =SUM(R6:R17) -> 39185.4 | S18: =SUM(S6:S17) -> -2983.504 | T18: =Q18/R18 -> 0.27519612 | U18: =S18/R18 -> -0.076138153 | V18: =SUM(V6:V17) -> 40715.798 | W18: =SUM(W6:W17) -> 131795.4 | X18: =SUM(X6:X17) -> -2645.3759 | Y18: =V18/W18 -> 0.30893186 | Z18: =X18/W18 -> -0.020071838 | AA18: =SUM(AA6:AA17) -> 0 | AB18: =SUM(AB6:AB17) -> 0 | AG18: 10182.803
A19: 军红风电场 | B19: BO13 | C19: 舞阳军红 | D19: 100 | E19: =LOOKUP(1,0/(($D$3=数据提取表!$A:$A)*($A19=数据提取表!$B:$B)),数据提取表!E:E) -> 晴 | F19: {=LOOKUP(1,0/(($D$3=数据提取表!$A:$A)*($A19=数据提取表!$B:$B)),数据提取表!G:G)} -> 3.79 | G19: {=LOOKUP(1,0/(($D$3=数据提取表!$A:$A)*($A19=数据提取表!$B:$B)),数据提取表!H:H)} -> 0 | H19: {=LOOKUP(1,0/(($D$3=数据提取表!$A:$A)*($A19=数据提取表!$B:$B)),数据提取表!I:I)} -> 12.81 | I19: =LOOKUP(1,0/(($D$3=数据提取表!$A:$A)*($A19=数据提取表!$B:$B)),数据提取表!J:J) -> 12.3464 | J19: =LOOKUP(1,0/(($D$3=数据提取表!$A:$A)*($A19=数据提取表!$B:$B)),数据提取表!K:K) -> 0 | K19: 0 | L19: =LOOKUP(1,0/(($D$3=数据提取表!$A:$A)*($A19=数据提取表!$B:$B)),数据提取表!M:M) -> 17.336 | M19: =计划电量!O15 -> 1500 | N19: =L19-M19/31*日报辅助图!$D$1 -> -79.438194 | O19: =L19/M19 -> 0.011557333 | P19: =N19/M19 -> -0.052958796 | Q19: =L19+AG19+AH19 -> 354.6928 | R19: =计划电量!H15 -> 5346 | S19: =Q19-(计划电量!N15+计划电量!O15/31*日报辅助图!$D$1) -> -1982.0814 | T19: =Q19/R19 -> 0.066347325 | U19: =S19/R19 -> -0.37075971 | V19: {=LOOKUP(1,0/(($D$3=数据提取表!$A:$A)*($A19=数据提取表!$B:$B)),数据提取表!R:R)} -> 660.7876 | W19: =计划电量!F15 -> 14500.6 | X19: =V19-(计划电量!G15+计划电量!N15+计划电量!O15/31*日报辅助图!$D$1) -> -3760.9866 | Y19: =V19/W19 -> 0.045569673 | Z19: =X19/W19 -> -0.25936765 | AA19: {=LOOKUP(1,0/(($D$3=数据提取表!$A:$A)*($A19=数据提取表!$B:$B)),数据提取表!AC:AC)} -> 0 | AB19: {=LOOKUP(1,0/(($D$3=数据提取表!$A:$A)*($A19=数据提取表!$B:$B)),数据提取表!AD:AD)} -> 0 | AG19: 337.3568
B20: BO14 | C20: 永城一期 | D20: 100 | E20: =LOOKUP(1,0/(($D$3=数据提取表!$A:$A)*($A20=数据提取表!$B:$B)),数据提取表!E:E) -> #N/A | F20: =LOOKUP(1,0/(($D$3=数据提取表!$A:$A)*($A20=数据提取表!$B:$B)),数据提取表!F:F) -> #N/A | G20: =LOOKUP(1,0/(($D$3=数据提取表!$A:$A)*($A20=数据提取表!$B:$B)),数据提取表!H:H) -> #N/A | H20: =LOOKUP(1,0/(($D$3=数据提取表!$A:$A)*($A20=数据提取表!$B:$B)),数据提取表!I:I) -> #N/A | I20: =LOOKUP(1,0/(($D$3=数据提取表!$A:$A)*($A20=数据提取表!$B:$B)),数据提取表!J:J) -> #N/A | J20: =LOOKUP(1,0/(($D$3=数据提取表!$A:$A)*($A20=数据提取表!$B:$B)),数据提取表!K:K) -> #N/A | K20: =J20/G20 -> #N/A | L20: =LOOKUP(1,0/(($D$3=数据提取表!$A:$A)*($A20=数据提取表!$B:$B)),数据提取表!M:M) -> #N/A | M20: =计划电量!N16 -> 0 | N20: =L20-M20/31*日报辅助图!$D$1 -> #N/A | O20: =L20/M20 -> #N/A | P20: =N20/M20 -> #N/A | Q20: =L20 -> #N/A | R20: =计划电量!H16 -> 0 | S20: =Q20-(计划电量!K16/31*日报辅助图!$D$1) -> #N/A | T20: =Q20/R20 -> #N/A | U20: =S20/R20 -> #N/A | V20: {=LOOKUP(1,0/(($D$3=数据提取表!$A:$A)*($A20=数据提取表!$B:$B)),数据提取表!R:R)} -> #N/A | W20: 5321.6 | X20: =V20-(计划电量!K16/31*日报辅助图!$D$1) -> #N/A | Y20: =V20/W20 -> #N/A | Z20: =X20/W20 -> #N/A | AA20: {=LOOKUP(1,0/(($D$3=数据提取表!$A:$A)*($A20=数据提取表!$B:$B)),数据提取表!AC:AC)} -> #N/A | AB20: {=LOOKUP(1,0/(($D$3=数据提取表!$A:$A)*($A20=数据提取表!$B:$B)),数据提取表!AD:AD)} -> #N/A | AG20: #N/A
B21: BO15 | C21: 永城二期 | D21: 100 | E21: =LOOKUP(1,0/(($D$3=数据提取表!$A:$A)*($A21=数据提取表!$B:$B)),数据提取表!E:E) -> #N/A | F21: =LOOKUP(1,0/(($D$3=数据提取表!$A:$A)*($A21=数据提取表!$B:$B)),数据提取表!F:F) -> #N/A | G21: =LOOKUP(1,0/(($D$3=数据提取表!$A:$A)*($A21=数据提取表!$B:$B)),数据提取表!H:H) -> #N/A | H21: =LOOKUP(1,0/(($D$3=数据提取表!$A:$A)*($A21=数据提取表!$B:$B)),数据提取表!I:I) -> #N/A | I21: =LOOKUP(1,0/(($D$3=数据提取表!$A:$A)*($A21=数据提取表!$B:$B)),数据提取表!J:J) -> #N/A | J21: =LOOKUP(1,0/(($D$3=数据提取表!$A:$A)*($A21=数据提取表!$B:$B)),数据提取表!K:K) -> #N/A | K21: =J21/G21 -> #N/A | L21: =LOOKUP(1,0/(($D$3=数据提取表!$A:$A)*($A21=数据提取表!$B:$B)),数据提取表!M:M) -> #N/A | M21: =计划电量!N17 -> 0 | N21: =L21-M21/31*日报辅助图!$D$1 -> #N/A | O21: =L21/M21 -> #N/A | P21: =N21/M21 -> #N/A | Q21: =L21 -> #N/A | R21: =计划电量!H17 -> 0 | S21: =Q21-(计划电量!K17/31*日报辅助图!$D$1) -> #N/A | T21: =Q21/R21 -> #N/A | U21: =S21/R21 -> #N/A | V21: {=LOOKUP(1,0/(($D$3=数据提取表!$A:$A)*($A21=数据提取表!$B:$B)),数据提取表!R:R)} -> #N/A | W21: 6763 | X21: =V21-(计划电量!K17/31*日报辅助图!$D$1) -> #N/A | Y21: =V21/W21 -> #N/A | Z21: =X21/W21 -> #N/A | AA21: {=LOOKUP(1,0/(($D$3=数据提取表!$A:$A)*($A21=数据提取表!$B:$B)),数据提取表!AC:AC)} -> #N/A | AB21: {=LOOKUP(1,0/(($D$3=数据提取表!$A:$A)*($A21=数据提取表!$B:$B)),数据提取表!AD:AD)} -> #N/A | AG21: #N/A
B22: BO16 | C22: 遂川风电 | D22: 40 | E22: =LOOKUP(1,0/(($D$3=数据提取表!$A:$A)*($A22=数据提取表!$B:$B)),数据提取表!E:E) -> #N/A | F22: =LOOKUP(1,0/(($D$3=数据提取表!$A:$A)*($A22=数据提取表!$B:$B)),数据提取表!F:F) -> #N/A | G22: =LOOKUP(1,0/(($D$3=数据提取表!$A:$A)*($A22=数据提取表!$B:$B)),数据提取表!H:H) -> #N/A | H22: =LOOKUP(1,0/(($D$3=数据提取表!$A:$A)*($A22=数据提取表!$B:$B)),数据提取表!I:I) -> #N/A | I22: =LOOKUP(1,0/(($D$3=数据提取表!$A:$A)*($A22=数据提取表!$B:$B)),数据提取表!J:J) -> #N/A | J22: =LOOKUP(1,0/(($D$3=数据提取表!$A:$A)*($A22=数据提取表!$B:$B)),数据提取表!K:K) -> #N/A | K22: =J22/G22 -> #N/A | L22: =LOOKUP(1,0/(($D$3=数据提取表!$A:$A)*($A22=数据提取表!$B:$B)),数据提取表!M:M) -> #N/A | M22: =计划电量!N18 -> 124 | N22: =L22-M22/31*日报辅助图!$D$1 -> #N/A | O22: =L22/M22 -> #N/A | P22: =N22/M22 -> #N/A | Q22: =L22 -> #N/A | R22: =计划电量!H18 -> 1109 | S22: =Q22-(计划电量!K18/31*日报辅助图!$D$1) -> #N/A | T22: =Q22/R22 -> #N/A | U22: =S22/R22 -> #N/A | V22: {=LOOKUP(1,0/(($D$3=数据提取表!$A:$A)*($A22=数据提取表!$B:$B)),数据提取表!R:R)} -> #N/A | W22: 6476 | X22: =V22-(计划电量!K18/31*日报辅助图!$D$1) -> #N/A | Y22: =V22/W22 -> #N/A | Z22: =X22/W22 -> #N/A | AA22: {=LOOKUP(1,0/(($D$3=数据提取表!$A:$A)*($A22=数据提取表!$B:$B)),数据提取表!AC:AC)} -> #N/A | AB22: {=LOOKUP(1,0/(($D$3=数据提取表!$A:$A)*($A22=数据提取表!$B:$B)),数据提取表!AD:AD)} -> #N/A | AG22: #N/A
B23: BO17 | C23: 泗县风电 | D23: 100 | E23: =LOOKUP(1,0/(($D$3=数据提取表!$A:$A)*($A23=数据提取表!$B:$B)),数据提取表!E:E) -> #N/A | F23: =LOOKUP(1,0/(($D$3=数据提取表!$A:$A)*($A23=数据提取表!$B:$B)),数据提取表!F:F) -> #N/A | G23: =LOOKUP(1,0/(($D$3=数据提取表!$A:$A)*($A23=数据提取表!$B:$B)),数据提取表!H:H) -> #N/A | H23: =LOOKUP(1,0/(($D$3=数据提取表!$A:$A)*($A23=数据提取表!$B:$B)),数据提取表!I:I) -> #N/A | I23: =LOOKUP(1,0/(($D$3=数据提取表!$A:$A)*($A23=数据提取表!$B:$B)),数据提取表!J:J) -> #N/A | J23: =LOOKUP(1,0/(($D$3=数据提取表!$A:$A)*($A23=数据提取表!$B:$B)),数据提取表!K:K) -> #N/A | K23: =J23/G23 -> #N/A | L23: =LOOKUP(1,0/(($D$3=数据提取表!$A:$A)*($A23=数据提取表!$B:$B)),数据提取表!M:M) -> #N/A | M23: =计划电量!N19 -> 0 | N23: =L23-M23/31*日报辅助图!$D$1 -> #N/A | O23: =L23/M23 -> #N/A | P23: =N23/M23 -> #N/A | Q23: =L23 -> #N/A | R23: =计划电量!H19 -> 0 | S23: =Q23-(计划电量!K19/31*日报辅助图!$D$1) -> #N/A | T23: =Q23/R23 -> #N/A | U23: =S23/R23 -> #N/A | V23: {=LOOKUP(1,0/(($D$3=数据提取表!$A:$A)*($A23=数据提取表!$B:$B)),数据提取表!R:R)} -> #N/A | W23: 6684 | X23: =V23-(计划电量!K19/31*日报辅助图!$D$1) -> #N/A | Y23: =V23/W23 -> #N/A | Z23: =X23/W23 -> #N/A | AA23: {=LOOKUP(1,0/(($D$3=数据提取表!$A:$A)*($A23=数据提取表!$B:$B)),数据提取表!AC:AC)} -> #N/A | AB23: {=LOOKUP(1,0/(($D$3=数据提取表!$A:$A)*($A23=数据提取表!$B:$B)),数据提取表!AD:AD)} -> #N/A | AG23: #N/A
B24: BO18 | C24: 坛勒风电 | D24: 50 | E24: =LOOKUP(1,0/(($D$3=数据提取表!$A:$A)*($A24=数据提取表!$B:$B)),数据提取表!E:E) -> #N/A | F24: =LOOKUP(1,0/(($D$3=数据提取表!$A:$A)*($A24=数据提取表!$B:$B)),数据提取表!F:F) -> #N/A | G24: =LOOKUP(1,0/(($D$3=数据提取表!$A:$A)*($A24=数据提取表!$B:$B)),数据提取表!H:H) -> #N/A | H24: =LOOKUP(1,0/(($D$3=数据提取表!$A:$A)*($A24=数据提取表!$B:$B)),数据提取表!I:I) -> #N/A | I24: =LOOKUP(1,0/(($D$3=数据提取表!$A:$A)*($A24=数据提取表!$B:$B)),数据提取表!J:J) -> #N/A | J24: =LOOKUP(1,0/(($D$3=数据提取表!$A:$A)*($A24=数据提取表!$B:$B)),数据提取表!K:K) -> #N/A | K24: =J24/G24 -> #N/A | L24: =LOOKUP(1,0/(($D$3=数据提取表!$A:$A)*($A24=数据提取表!$B:$B)),数据提取表!M:M) -> #N/A | M24: =计划电量!N20 -> 0 | N24: =L24-M24/31*日报辅助图!$D$1 -> #N/A | O24: =L24/M24 -> #N/A | P24: =N24/M24 -> #N/A | Q24: =L24 -> #N/A | R24: =计划电量!H20 -> 0 | S24: =Q24-(计划电量!K20/31*日报辅助图!$D$1) -> #N/A | T24: =Q24/R24 -> #N/A | U24: =S24/R24 -> #N/A | V24: {=LOOKUP(1,0/(($D$3=数据提取表!$A:$A)*($A24=数据提取表!$B:$B)),数据提取表!R:R)} -> #N/A | W24: 3474 | X24: =V24-(计划电量!K20/31*日报辅助图!$D$1) -> #N/A | Y24: =V24/W24 -> #N/A | Z24: =X24/W24 -> #N/A | AA24: {=LOOKUP(1,0/(($D$3=数据提取表!$A:$A)*($A24=数据提取表!$B:$B)),数据提取表!AC:AC)} -> #N/A | AB24: {=LOOKUP(1,0/(($D$3=数据提取表!$A:$A)*($A24=数据提取表!$B:$B)),数据提取表!AD:AD)} -> #N/A | AG24: #N/A
B25: BO19 | C25: 武威二期 | D25: 100 | E25: =LOOKUP(1,0/(($D$3=数据提取表!$A:$A)*($A25=数据提取表!$B:$B)),数据提取表!E:E) -> #N/A | F25: =LOOKUP(1,0/(($D$3=数据提取表!$A:$A)*($A25=数据提取表!$B:$B)),数据提取表!F:F) -> #N/A | G25: =LOOKUP(1,0/(($D$3=数据提取表!$A:$A)*($A25=数据提取表!$B:$B)),数据提取表!H:H) -> #N/A | H25: =LOOKUP(1,0/(($D$3=数据提取表!$A:$A)*($A25=数据提取表!$B:$B)),数据提取表!I:I) -> #N/A | I25: =LOOKUP(1,0/(($D$3=数据提取表!$A:$A)*($A25=数据提取表!$B:$B)),数据提取表!J:J) -> #N/A | J25: =LOOKUP(1,0/(($D$3=数据提取表!$A:$A)*($A25=数据提取表!$B:$B)),数据提取表!K:K) -> #N/A | K25: =J25/G25 -> #N/A | L25: =LOOKUP(1,0/(($D$3=数据提取表!$A:$A)*($A25=数据提取表!$B:$B)),数据提取表!M:M) -> #N/A | M25: =计划电量!N21 -> 0 | N25: =L25-M25/31*日报辅助图!$D$1 -> #N/A | O25: =L25/M25 -> #N/A | P25: =N25/M25 -> #N/A | Q25: =L25 -> #N/A | R25: =计划电量!H21 -> 0 | S25: =Q25-(计划电量!K21/31*日报辅助图!$D$1) -> #N/A | T25: =Q25/R25 -> #N/A | U25: =S25/R25 -> #N/A | V25: {=LOOKUP(1,0/(($D$3=数据提取表!$A:$A)*($A25=数据提取表!$B:$B)),数据提取表!R:R)} -> #N/A | W25: 3820 | X25: =V25-(计划电量!K21/31*日报辅助图!$D$1) -> #N/A | Y25: =V25/W25 -> #N/A | Z25: =X25/W25 -> #N/A | AA25: {=LOOKUP(1,0/(($D$3=数据提取表!$A:$A)*($A25=数据提取表!$B:$B)),数据提取表!AC:AC)} -> #N/A | AB25: {=LOOKUP(1,0/(($D$3=数据提取表!$A:$A)*($A25=数据提取表!$B:$B)),数据提取表!AD:AD)} -> #N/A | AG25: #N/A
B26: 增量项目小计 | D26: =D19 -> 100 | E26: / | F26: / | G26: =G19 -> 0 | H26: =H19 -> 12.81 | I26: =I19 -> 12.3464 | J26: =J19 -> 0 | K26: 0 | L26: =L19 -> 17.336 | M26: =M19 -> 1500 | N26: =N19 -> -79.438194 | O26: =L26/M26 -> 0.011557333 | P26: =N26/M26 -> -0.052958796 | Q26: =Q19 -> 354.6928 | R26: =R19 -> 5346 | S26: =S19 -> -1982.0814 | T26: =Q26/R26 -> 0.066347325 | U26: =S26/R26 -> -0.37075971 | V26: =V19 -> 660.7876 | W26: =W19 -> 14500.6 | X26: =X19 -> -3760.9866 | Y26: =V26/W26 -> 0.045569673 | Z26: =X26/W26 -> -0.25936765 | AA26: =AA19 -> 0 | AB26: =AB19 -> 0 | AG26: 337.3568
B27: 南方资产运营中心小计 | D27: =D18+D26 -> 860 | E27: / | F27: / | G27: =G18+G26 -> 386.7507 | H27: =H18+H26 -> 312.2328 | I27: =I18+I26 -> 309.506 | J27: =J18+J26 -> 72.8616 | K27: =J27/G27 -> 0.18839423 | L27: =L18+L26 -> 618.2031 | M27: =M18+M26 -> 14811 | N27: =N18+N26 -> -337.34529 | O27: =L27/M27 -> 0.041739457 | P27: =N27/M27 -> -0.022776672 | Q27: =Q18+Q26 -> 11138.363 | R27: =R18+R26 -> 44531.4 | S27: =S18+S26 -> -4965.5854 | T27: =Q27/R27 -> 0.2501238 | U27: =S27/R27 -> -0.11150751 | V27: =V18+V26 -> 41376.586 | W27: =W18+W26 -> 146296 | X27: =X18+X26 -> -6406.3625 | Y27: =V27/W27 -> 0.28282787 | Z27: =X27/W27 -> -0.043790415 | AA27: =AA18+AA26 -> 0 | AB27: =AB18+AB26 -> 0 | AG27: 10520.16
A28: 固阳风源桑欧风光电站风 | B28: BO20 | C28: 固阳桑欧风电 | D28: 100 | E28: =LOOKUP(1,0/(($D$3=数据提取表!$A:$A)*($A28=数据提取表!$B:$B)),数据提取表!E:E) -> 晴 | F28: {=LOOKUP(1,0/(($D$3=数据提取表!$A:$A)*($A28=数据提取表!$B:$B)),数据提取表!G:G)} -> 7.19 | G28: =LOOKUP(1,0/(($D$3=数据提取表!$A:$A)*($A28=数据提取表!$B:$B)),数据提取表!H:H) -> 127.2725 | H28: =LOOKUP(1,0/(($D$3=数据提取表!$A:$A)*($A28=数据提取表!$B:$B)),数据提取表!I:I) -> 107.9536 | I28: =LOOKUP(1,0/(($D$3=数据提取表!$A:$A)*($A28=数据提取表!$B:$B)),数据提取表!J:J) -> 105.8714 | J28: =LOOKUP(1,0/(($D$3=数据提取表!$A:$A)*($A28=数据提取表!$B:$B)),数据提取表!K:K) -> 19.3189 | K28: =J28/G28 -> 0.15179163 | L28: =LOOKUP(1,0/(($D$3=数据提取表!$A:$A)*($A28=数据提取表!$B:$B)),数据提取表!M:M) -> 165.21 | M28: =计划电量!O23 -> 2910 | N28: =L28-M28/31*日报辅助图!$D$1 -> -22.531935 | O28: =L28/M28 -> 0.056773196 | P28: =N28/M28 -> -0.0077429332 | Q28: =L28+AG28+AH28 -> 2726.2248 | R28: =计划电量!H23 -> 8100 | S28: =Q28-(计划电量!N23+计划电量!O23/31*日报辅助图!$D$1) -> -187.51714 | T28: =Q28/R28 -> 0.33657096 | U28: =S28/R28 -> -0.023150264 | V28: {=LOOKUP(1,0/(($D$3=数据提取表!$A:$A)*($A28=数据提取表!$B:$B)),数据提取表!R:R)} -> 9085.0147 | W28: =计划电量!F23 -> 28860 | X28: =V28-(计划电量!G23+计划电量!N23+计划电量!O23/31*日报辅助图!$D$1) -> -928.72724 | Y28: =V28/W28 -> 0.31479607 | Z28: =X28/W28 -> -0.032180431 | AA28: {=LOOKUP(1,0/(($D$3=数据提取表!$A:$A)*($A28=数据提取表!$B:$B)),数据提取表!AC:AC)} -> 0 | AB28: {=LOOKUP(1,0/(($D$3=数据提取表!$A:$A)*($A28=数据提取表!$B:$B)),数据提取表!AD:AD)} -> 0 | AG28: 2561.0148
A29: 固阳风源桑欧风光电站光 | B29: BO21 | C29: 固阳桑欧光伏 | D29: 20 | E29: =LOOKUP(1,0/(($D$3=数据提取表!$A:$A)*($A29=数据提取表!$B:$B)),数据提取表!E:E) -> 晴 | F29: =LOOKUP(1,0/(($D$3=数据提取表!$A:$A)*($A29=数据提取表!$B:$B)),数据提取表!F:F) -> 7.49 | G29: =LOOKUP(1,0/(($D$3=数据提取表!$A:$A)*($A29=数据提取表!$B:$B)),数据提取表!H:H) -> 13.791 | H29: =LOOKUP(1,0/(($D$3=数据提取表!$A:$A)*($A29=数据提取表!$B:$B)),数据提取表!I:I) -> 12.8608 | I29: =LOOKUP(1,0/(($D$3=数据提取表!$A:$A)*($A29=数据提取表!$B:$B)),数据提取表!J:J) -> 12.6286 | J29: =LOOKUP(1,0/(($D$3=数据提取表!$A:$A)*($A29=数据提取表!$B:$B)),数据提取表!K:K) -> 0.9302 | K29: =J29/G29 -> 0.067449786 | L29: =LOOKUP(1,0/(($D$3=数据提取表!$A:$A)*($A29=数据提取表!$B:$B)),数据提取表!M:M) -> 27.29 | M29: =计划电量!O24 -> 323 | N29: =L29-M29/31*日报辅助图!$D$1 -> 6.4512903 | O29: =L29/M29 -> 0.084489164 | P29: =N29/M29 -> 0.019973035 | Q29: =L29+AG29+AH29 -> 303.3231 | R29: =计划电量!H24 -> 959 | S29: =Q29-(计划电量!N24+计划电量!O24/31*日报辅助图!$D$1) -> -29.51561 | T29: =Q29/R29 -> 0.31629103 | U29: =S29/R29 -> -0.030777487 | V29: {=LOOKUP(1,0/(($D$3=数据提取表!$A:$A)*($A29=数据提取表!$B:$B)),数据提取表!R:R)} -> 1111.2825 | W29: =计划电量!F24 -> 3541 | X29: =V29-(计划电量!G24+计划电量!N24+计划电量!O24/31*日报辅助图!$D$1) -> -66.55621 | Y29: =V29/W29 -> 0.31383296 | Z29: =X29/W29 -> -0.01879588 | AA29: {=LOOKUP(1,0/(($D$3=数据提取表!$A:$A)*($A29=数据提取表!$B:$B)),数据提取表!AC:AC)} -> 0 | AB29: {=LOOKUP(1,0/(($D$3=数据提取表!$A:$A)*($A29=数据提取表!$B:$B)),数据提取表!AD:AD)} -> 0 | AG29: 276.0331
A30: 光羿青阳光伏电站 | B30: BO22 | C30: 石拐光羿青阳 | D30: 100 | E30: =LOOKUP(1,0/(($D$3=数据提取表!$A:$A)*($A30=数据提取表!$B:$B)),数据提取表!E:E) -> 晴 | F30: =LOOKUP(1,0/(($D$3=数据提取表!$A:$A)*($A30=数据提取表!$B:$B)),数据提取表!F:F) -> 7.71 | G30: =LOOKUP(1,0/(($D$3=数据提取表!$A:$A)*($A30=数据提取表!$B:$B)),数据提取表!H:H) -> 58.122 | H30: =LOOKUP(1,0/(($D$3=数据提取表!$A:$A)*($A30=数据提取表!$B:$B)),数据提取表!I:I) -> 52.2362 | I30: =LOOKUP(1,0/(($D$3=数据提取表!$A:$A)*($A30=数据提取表!$B:$B)),数据提取表!J:J) -> 49.924 | J30: =LOOKUP(1,0/(($D$3=数据提取表!$A:$A)*($A30=数据提取表!$B:$B)),数据提取表!K:K) -> 5.8416 | K30: =J30/G30 -> 0.10050583 | L30: =LOOKUP(1,0/(($D$3=数据提取表!$A:$A)*($A30=数据提取表!$B:$B)),数据提取表!M:M) -> 110.7 | M30: =计划电量!O25 -> 1575 | N30: =L30-M30/31*日报辅助图!$D$1 -> 9.0870968 | O30: =L30/M30 -> 0.070285714 | P30: =N30/M30 -> 0.0057695853 | Q30: =L30+AG30+AH30 -> 1392.563 | R30: =计划电量!H25 -> 4518 | S30: =Q30-(计划电量!N25+计划电量!O25/31*日报辅助图!$D$1) -> -97.049903 | T30: =Q30/R30 -> 0.30822554 | U30: =S30/R30 -> -0.021480722 | V30: {=LOOKUP(1,0/(($D$3=数据提取表!$A:$A)*($A30=数据提取表!$B:$B)),数据提取表!R:R)} -> 4631.556 | W30: =计划电量!F25 -> 15895 | X30: =V30-(计划电量!G25+计划电量!N25+计划电量!O25/31*日报辅助图!$D$1) -> -658.0569 | Y30: =V30/W30 -> 0.29138446 | Z30: =X30/W30 -> -0.041400246 | AA30: {=LOOKUP(1,0/(($D$3=数据提取表!$A:$A)*($A30=数据提取表!$B:$B)),数据提取表!AC:AC)} -> 0 | AB30: {=LOOKUP(1,0/(($D$3=数据提取表!$A:$A)*($A30=数据提取表!$B:$B)),数据提取表!AD:AD)} -> 0 | AG30: 1281.863
A31: 奈曼旗汇特光伏电站 | B31: BO23 | C31: 奈曼旗汇特 | D31: 30 | E31: =LOOKUP(1,0/(($D$3=数据提取表!$A:$A)*($A31=数据提取表!$B:$B)),数据提取表!E:E) -> 晴 | F31: =LOOKUP(1,0/(($D$3=数据提取表!$A:$A)*($A31=数据提取表!$B:$B)),数据提取表!F:F) -> 7.84 | G31: =LOOKUP(1,0/(($D$3=数据提取表!$A:$A)*($A31=数据提取表!$B:$B)),数据提取表!H:H) -> 19.2399 | H31: =LOOKUP(1,0/(($D$3=数据提取表!$A:$A)*($A31=数据提取表!$B:$B)),数据提取表!I:I) -> 19.2399 | I31: =LOOKUP(1,0/(($D$3=数据提取表!$A:$A)*($A31=数据提取表!$B:$B)),数据提取表!J:J) -> 19.008 | J31: =LOOKUP(1,0/(($D$3=数据提取表!$A:$A)*($A31=数据提取表!$B:$B)),数据提取表!K:K) -> 0 | K31: =J31/G31 -> 0 | L31: =LOOKUP(1,0/(($D$3=数据提取表!$A:$A)*($A31=数据提取表!$B:$B)),数据提取表!M:M) -> 32.0496 | M31: =计划电量!O26 -> 468 | N31: =L31-M31/31*日报辅助图!$D$1 -> 1.8560516 | O31: =L31/M31 -> 0.068482051 | P31: =N31/M31 -> 0.0039659222 | Q31: =L31+AG31+AH31 -> 459.096 | R31: =计划电量!H26 -> 1279 | S31: =Q31-(计划电量!N26+计划电量!O26/31*日报辅助图!$D$1) -> 27.902452 | T31: =Q31/R31 -> 0.35894918 | U31: =S31/R31 -> 0.021815834 | V31: {=LOOKUP(1,0/(($D$3=数据提取表!$A:$A)*($A31=数据提取表!$B:$B)),数据提取表!R:R)} -> 1636.8528 | W31: =计划电量!F26 -> 4805 | X31: =V31-(计划电量!G26+计划电量!N26+计划电量!O26/31*日报辅助图!$D$1) -> -36.340748 | Y31: =V31/W31 -> 0.34065615 | Z31: =X31/W31 -> -0.007563111 | AA31: {=LOOKUP(1,0/(($D$3=数据提取表!$A:$A)*($A31=数据提取表!$B:$B)),数据提取表!AC:AC)} -> 0 | AB31: {=LOOKUP(1,0/(($D$3=数据提取表!$A:$A)*($A31=数据提取表!$B:$B)),数据提取表!AD:AD)} -> 0 | AG31: 427.0464
A32: 特电乌宁巴风电一场 | B32: BO24 | C32: 特电乌宁巴 | D32: 250 | E32: =LOOKUP(1,0/(($D$3=数据提取表!$A:$A)*($A32=数据提取表!$B:$B)),数据提取表!E:E) -> 晴 | F32: {=LOOKUP(1,0/(($D$3=数据提取表!$A:$A)*($A32=数据提取表!$B:$B)),数据提取表!G:G)} -> 6.17 | G32: =LOOKUP(1,0/(($D$3=数据提取表!$A:$A)*($A32=数据提取表!$B:$B)),数据提取表!H:H) -> 165.4552 | H32: =LOOKUP(1,0/(($D$3=数据提取表!$A:$A)*($A32=数据提取表!$B:$B)),数据提取表!I:I) -> 129.7204 | I32: =LOOKUP(1,0/(($D$3=数据提取表!$A:$A)*($A32=数据提取表!$B:$B)),数据提取表!J:J) -> 125.4 | J32: =LOOKUP(1,0/(($D$3=数据提取表!$A:$A)*($A32=数据提取表!$B:$B)),数据提取表!K:K) -> 35.7348 | K32: =J32/G32 -> 0.21597871 | L32: =LOOKUP(1,0/(($D$3=数据提取表!$A:$A)*($A32=数据提取表!$B:$B)),数据提取表!M:M) -> 277.2 | M32: =计划电量!O27 -> 5197 | N32: =L32-M32/31*日报辅助图!$D$1 -> -58.090323 | O32: =L32/M32 -> 0.053338464 | P32: =N32/M32 -> -0.011177665 | Q32: =L32+AG32+AH32 -> 5899.08 | R32: =计划电量!H27 -> 16303 | S32: =Q32-(计划电量!N27+计划电量!O27/31*日报辅助图!$D$1) -> -1186.2103 | T32: =Q32/R32 -> 0.36184015 | U32: =S32/R32 -> -0.072760248 | V32: {=LOOKUP(1,0/(($D$3=数据提取表!$A:$A)*($A32=数据提取表!$B:$B)),数据提取表!R:R)} -> 20434.92 | W32: =计划电量!F27 -> 61425 | X32: =V32-(计划电量!G27+计划电量!N27+计划电量!O27/31*日报辅助图!$D$1) -> -3708.3703 | Y32: =V32/W32 -> 0.33268083 | Z32: =X32/W32 -> -0.060372329 | AA32: {=LOOKUP(1,0/(($D$3=数据提取表!$A:$A)*($A32=数据提取表!$B:$B)),数据提取表!AC:AC)} -> 0 | AB32: {=LOOKUP(1,0/(($D$3=数据提取表!$A:$A)*($A32=数据提取表!$B:$B)),数据提取表!AD:AD)} -> 0 | AG32: 5621.88
A33: 风盛古日班风电一场 | B33: BO25 | C33: 风盛古日班 | D33: 335 | E33: =LOOKUP(1,0/(($D$3=数据提取表!$A:$A)*($A33=数据提取表!$B:$B)),数据提取表!E:E) -> 晴 | F33: {=LOOKUP(1,0/(($D$3=数据提取表!$A:$A)*($A33=数据提取表!$B:$B)),数据提取表!G:G)} -> 7.69 | G33: =LOOKUP(1,0/(($D$3=数据提取表!$A:$A)*($A33=数据提取表!$B:$B)),数据提取表!H:H) -> 308.3898 | H33: =LOOKUP(1,0/(($D$3=数据提取表!$A:$A)*($A33=数据提取表!$B:$B)),数据提取表!I:I) -> 149.7069 | I33: =LOOKUP(1,0/(($D$3=数据提取表!$A:$A)*($A33=数据提取表!$B:$B)),数据提取表!J:J) -> 145.64 | J33: =LOOKUP(1,0/(($D$3=数据提取表!$A:$A)*($A33=数据提取表!$B:$B)),数据提取表!K:K) -> 158.6829 | K33: =J33/G33 -> 0.51455301 | L33: =LOOKUP(1,0/(($D$3=数据提取表!$A:$A)*($A33=数据提取表!$B:$B)),数据提取表!M:M) -> 418.88 | M33: =计划电量!O28 -> 6720 | N33: =L33-M33/31*日报辅助图!$D$1 -> -14.668387 | O33: =L33/M33 -> 0.062333333 | P33: =N33/M33 -> -0.0021827957 | Q33: =L33+AG33+AH33 -> 8425.56 | R33: =计划电量!H28 -> 21878 | S33: =Q33-(计划电量!N28+计划电量!O28/31*日报辅助图!$D$1) -> -1303.9884 | T33: =Q33/R33 -> 0.38511564 | U33: =S33/R33 -> -0.059602724 | V33: {=LOOKUP(1,0/(($D$3=数据提取表!$A:$A)*($A33=数据提取表!$B:$B)),数据提取表!R:R)} -> 32351 | W33: =计划电量!F28 -> 83580 | X33: =V33-(计划电量!G28+计划电量!N28+计划电量!O28/31*日报辅助图!$D$1) -> 1059.4516 | Y33: =V33/W33 -> 0.38706628 | Z33: =X33/W33 -> 0.012675899 | AA33: {=LOOKUP(1,0/(($D$3=数据提取表!$A:$A)*($A33=数据提取表!$B:$B)),数据提取表!AC:AC)} -> 0 | AB33: {=LOOKUP(1,0/(($D$3=数据提取表!$A:$A)*($A33=数据提取表!$B:$B)),数据提取表!AD:AD)} -> 0 | AG33: 8006.68
A34: 新园古日班风电一场 | B34: BO26 | C34: 新园古日班 | D34: 250 | E34: =LOOKUP(1,0/(($D$3=数据提取表!$A:$A)*($A34=数据提取表!$B:$B)),数据提取表!E:E) -> 晴 | F34: {=LOOKUP(1,0/(($D$3=数据提取表!$A:$A)*($A34=数据提取表!$B:$B)),数据提取表!G:G)} -> 7.5 | G34: =LOOKUP(1,0/(($D$3=数据提取表!$A:$A)*($A34=数据提取表!$B:$B)),数据提取表!H:H) -> 195.3072 | H34: =LOOKUP(1,0/(($D$3=数据提取表!$A:$A)*($A34=数据提取表!$B:$B)),数据提取表!I:I) -> 140.085 | I34: =LOOKUP(1,0/(($D$3=数据提取表!$A:$A)*($A34=数据提取表!$B:$B)),数据提取表!J:J) -> 135.96 | J34: =LOOKUP(1,0/(($D$3=数据提取表!$A:$A)*($A34=数据提取表!$B:$B)),数据提取表!K:K) -> 55.2222 | K34: =J34/G34 -> 0.28274534 | L34: =LOOKUP(1,0/(($D$3=数据提取表!$A:$A)*($A34=数据提取表!$B:$B)),数据提取表!M:M) -> 337.92 | M34: =计划电量!O29 -> 4629 | N34: =L34-M34/31*日报辅助图!$D$1 -> 39.274839 | O34: =L34/M34 -> 0.073000648 | P34: =N34/M34 -> 0.0084845191 | Q34: =L34+AG34+AH34 -> 6279.24 | R34: =计划电量!H29 -> 15988 | S34: =Q34-(计划电量!N29+计划电量!O29/31*日报辅助图!$D$1) -> -1014.4052 | T34: =Q34/R34 -> 0.39274706 | U34: =S34/R34 -> -0.063447909 | V34: {=LOOKUP(1,0/(($D$3=数据提取表!$A:$A)*($A34=数据提取表!$B:$B)),数据提取表!R:R)} -> 22826.76 | W34: =计划电量!F29 -> 61280 | X34: =V34-(计划电量!G29+计划电量!N29+计划电量!O29/31*日报辅助图!$D$1) -> -846.88516 | Y34: =V34/W34 -> 0.37249935 | Z34: =X34/W34 -> -0.013819928 | AA34: {=LOOKUP(1,0/(($D$3=数据提取表!$A:$A)*($A34=数据提取表!$B:$B)),数据提取表!AC:AC)} -> 0 | AB34: {=LOOKUP(1,0/(($D$3=数据提取表!$A:$A)*($A34=数据提取表!$B:$B)),数据提取表!AD:AD)} -> 0 | AG34: 5941.32
A35: 新隆砬子山风电 | B35: BO27 | C35: 丰宁砬子山 | D35: 60 | E35: =LOOKUP(1,0/(($D$3=数据提取表!$A:$A)*($A35=数据提取表!$B:$B)),数据提取表!E:E) -> 晴 | F35: {=LOOKUP(1,0/(($D$3=数据提取表!$A:$A)*($A35=数据提取表!$B:$B)),数据提取表!G:G)} -> 4.17 | G35: =LOOKUP(1,0/(($D$3=数据提取表!$A:$A)*($A35=数据提取表!$B:$B)),数据提取表!H:H) -> 28.7016 | H35: =LOOKUP(1,0/(($D$3=数据提取表!$A:$A)*($A35=数据提取表!$B:$B)),数据提取表!I:I) -> 28.7016 | I35: =LOOKUP(1,0/(($D$3=数据提取表!$A:$A)*($A35=数据提取表!$B:$B)),数据提取表!J:J) -> 28.14 | J35: =LOOKUP(1,0/(($D$3=数据提取表!$A:$A)*($A35=数据提取表!$B:$B)),数据提取表!K:K) -> 0 | K35: =J35/G35 -> 0 | L35: =LOOKUP(1,0/(($D$3=数据提取表!$A:$A)*($A35=数据提取表!$B:$B)),数据提取表!M:M) -> 80.85 | M35: =计划电量!O30 -> 1011 | N35: =L35-M35/31*日报辅助图!$D$1 -> 15.624194 | O35: =L35/M35 -> 0.079970326 | P35: =N35/M35 -> 0.015454197 | Q35: =L35+AG35+AH35 -> 1379.7 | R35: =计划电量!H30 -> 3329 | S35: =Q35-(计划电量!N30+计划电量!O30/31*日报辅助图!$D$1) -> -74.525806 | T35: =Q35/R35 -> 0.41444878 | U35: =S35/R35 -> -0.022386845 | V35: {=LOOKUP(1,0/(($D$3=数据提取表!$A:$A)*($A35=数据提取表!$B:$B)),数据提取表!R:R)} -> 5431.23 | W35: =计划电量!F30 -> 14049 | X35: =V35-(计划电量!G30+计划电量!N30+计划电量!O30/31*日报辅助图!$D$1) -> 45.004194 | Y35: =V35/W35 -> 0.38659193 | Z35: =X35/W35 -> 0.0032033734 | AA35: {=LOOKUP(1,0/(($D$3=数据提取表!$A:$A)*($A35=数据提取表!$B:$B)),数据提取表!AC:AC)} -> 0 | AB35: {=LOOKUP(1,0/(($D$3=数据提取表!$A:$A)*($A35=数据提取表!$B:$B)),数据提取表!AD:AD)} -> 0 | AG35: 1298.85
A36: 福合风电场 | B36: BO28 | C36: 西丰福合 | D36: 100 | E36: =LOOKUP(1,0/(($D$3=数据提取表!$A:$A)*($A36=数据提取表!$B:$B)),数据提取表!E:E) -> 晴 | F36: {=LOOKUP(1,0/(($D$3=数据提取表!$A:$A)*($A36=数据提取表!$B:$B)),数据提取表!G:G)} -> 8.46 | G36: =LOOKUP(1,0/(($D$3=数据提取表!$A:$A)*($A36=数据提取表!$B:$B)),数据提取表!H:H) -> 177.4575 | H36: =LOOKUP(1,0/(($D$3=数据提取表!$A:$A)*($A36=数据提取表!$B:$B)),数据提取表!I:I) -> 131.3592 | I36: =LOOKUP(1,0/(($D$3=数据提取表!$A:$A)*($A36=数据提取表!$B:$B)),数据提取表!J:J) -> 129.228 | J36: =LOOKUP(1,0/(($D$3=数据提取表!$A:$A)*($A36=数据提取表!$B:$B)),数据提取表!K:K) -> 46.0983 | K36: =J36/G36 -> 0.25977093 | L36: =LOOKUP(1,0/(($D$3=数据提取表!$A:$A)*($A36=数据提取表!$B:$B)),数据提取表!M:M) -> 212.256 | M36: =计划电量!O31 -> 2214 | N36: =L36-M36/31*日报辅助图!$D$1 -> 69.41729 | O36: =L36/M36 -> 0.095869919 | P36: =N36/M36 -> 0.03135379 | Q36: =L36+AG36+AH36 -> 2569.512 | R36: =计划电量!H31 -> 7073 | S36: =Q36-(计划电量!N31+计划电量!O31/31*日报辅助图!$D$1) -> -536.32671 | T36: =Q36/R36 -> 0.3632846 | U36: =S36/R36 -> -0.075827331 | V36: {=LOOKUP(1,0/(($D$3=数据提取表!$A:$A)*($A36=数据提取表!$B:$B)),数据提取表!R:R)} -> 9548.616 | W36: =计划电量!F31 -> 25315 | X36: =V36-(计划电量!G31+计划电量!N31+计划电量!O31/31*日报辅助图!$D$1) -> -120.22271 | Y36: =V36/W36 -> 0.37719202 | Z36: =X36/W36 -> -0.0047490701 | AA36: {=LOOKUP(1,0/(($D$3=数据提取表!$A:$A)*($A36=数据提取表!$B:$B)),数据提取表!AC:AC)} -> 0 | AB36: {=LOOKUP(1,0/(($D$3=数据提取表!$A:$A)*($A36=数据提取表!$B:$B)),数据提取表!AD:AD)} -> 0 | AG36: 2357.256
A37: 光炽将军尧储能电站 | B37: BO29 | C37: 土右光炽将军尧 | D37: 378 | E37: =LOOKUP(1,0/(($D$3=数据提取表!$A:$A)*($A37=数据提取表!$B:$B)),数据提取表!E:E) -> 晴 | F37: =LOOKUP(1,0/(($D$3=数据提取表!$A:$A)*($A37=数据提取表!$B:$B)),数据提取表!F:F) -> 6.56 | G37: =LOOKUP(1,0/(($D$3=数据提取表!$A:$A)*($A37=数据提取表!$B:$B)),数据提取表!H:H) -> 227.1155 | H37: =LOOKUP(1,0/(($D$3=数据提取表!$A:$A)*($A37=数据提取表!$B:$B)),数据提取表!I:I) -> 208.8366 | I37: =LOOKUP(1,0/(($D$3=数据提取表!$A:$A)*($A37=数据提取表!$B:$B)),数据提取表!J:J) -> 206.382 | J37: =LOOKUP(1,0/(($D$3=数据提取表!$A:$A)*($A37=数据提取表!$B:$B)),数据提取表!K:K) -> 17.1153 | K37: =J37/G37 -> 0.075359454 | L37: =LOOKUP(1,0/(($D$3=数据提取表!$A:$A)*($A37=数据提取表!$B:$B)),数据提取表!M:M) -> 451.902 | M37: =计划电量!O32 -> 4972 | N37: =L37-M37/31*日报辅助图!$D$1 -> 131.12781 | O37: =L37/M37 -> 0.090889381 | P37: =N37/M37 -> 0.026373251 | Q37: =L37+AG37+AH37 -> 5550.435 | R37: =计划电量!H32 -> 14920 | S37: =Q37-(计划电量!N32+计划电量!O32/31*日报辅助图!$D$1) -> 492.66081 | T37: =Q37/R37 -> 0.37201307 | U37: =S37/R37 -> 0.033020161 | V37: {=LOOKUP(1,0/(($D$3=数据提取表!$A:$A)*($A37=数据提取表!$B:$B)),数据提取表!R:R)} -> 18582.466 | W37: =计划电量!F32 -> 57321 | X37: =V37-(计划电量!G32+计划电量!N32+计划电量!O32/31*日报辅助图!$D$1) -> 878.69181 | Y37: =V37/W37 -> 0.32418252 | Z37: =X37/W37 -> 0.015329317 | AA37: {=LOOKUP(1,0/(($D$3=数据提取表!$A:$A)*($A37=数据提取表!$B:$B)),数据提取表!AC:AC)} -> 0 | AB37: {=LOOKUP(1,0/(($D$3=数据提取表!$A:$A)*($A37=数据提取表!$B:$B)),数据提取表!AD:AD)} -> 0 | AG37: 5098.533
B38: 存量项目小计 | D38: =SUM(D28:D37) -> 1623 | E38: / | F38: / | G38: =SUM(G28:G37) -> 1320.8522 | H38: =SUM(H28:H37) -> 980.7002 | I38: =SUM(I28:I37) -> 958.182 | J38: =SUM(J28:J37) -> 338.9442 | K38: =J38/G38 -> 0.25661024 | L38: =SUM(L28:L37) -> 2114.2576 | M38: =SUM(M28:M37) -> 30019 | N38: =SUM(N28:N37) -> 177.54792 | O38: =L38/M38 -> 0.070430647 | P38: =N38/M38 -> 0.0059145182 | Q38: =SUM(Q28:Q37) -> 34984.734 | R38: =SUM(R28:R37) -> 94347 | S38: =SUM(S28:S37) -> -3908.9758 | T38: =Q38/R38 -> 0.37080918 | U38: =S38/R38 -> -0.041431903 | V38: =SUM(V28:V37) -> 125639.7 | W38: =SUM(W28:W37) -> 356071 | X38: =SUM(X28:X37) -> -4382.0117 | Y38: =V38/W38 -> 0.35285013 | Z38: =X38/W38 -> -0.012306567 | AA38: =SUM(AA28:AA37) -> 0 | AB38: =SUM(AB28:AB37) -> 0 | AG38: 32870.476
A39: 天津武清白古屯风电场 | B39: BO30 | C39: 武清白古屯 | D39: 33 | E39: =LOOKUP(1,0/(($D$3=数据提取表!$A:$A)*($A39=数据提取表!$B:$B)),数据提取表!E:E) -> 晴 | F39: {=LOOKUP(1,0/(($D$3=数据提取表!$A:$A)*($A39=数据提取表!$B:$B)),数据提取表!G:G)} -> 6.55 | G39: =LOOKUP(1,0/(($D$3=数据提取表!$A:$A)*($A39=数据提取表!$B:$B)),数据提取表!H:H) -> 41.4181 | H39: =LOOKUP(1,0/(($D$3=数据提取表!$A:$A)*($A39=数据提取表!$B:$B)),数据提取表!I:I) -> 41.1979 | I39: =LOOKUP(1,0/(($D$3=数据提取表!$A:$A)*($A39=数据提取表!$B:$B)),数据提取表!J:J) -> 40.26 | J39: =LOOKUP(1,0/(($D$3=数据提取表!$A:$A)*($A39=数据提取表!$B:$B)),数据提取表!K:K) -> 0 | K39: =J39/G39 -> 0 | L39: {=LOOKUP(1,0/(($D$3=数据提取表!$A:$A)*($A39=数据提取表!$B:$B)),数据提取表!M:M)} -> 76.56 | M39: =计划电量!O33 -> 1121 | N39: =L39-M39/31*日报辅助图!$D$1 -> 4.2374194 | O39: =L39/M39 -> 0.068296164 | P39: =N39/M39 -> 0.0037800351 | Q39: =L39+AG39+AH39 -> 698.22 | R39: =计划电量!H33 -> 2850 | S39: =Q39-(计划电量!N33+计划电量!O33/31*日报辅助图!$D$1) -> -460.10258 | T39: =Q39/R39 -> 0.24498947 | U39: =S39/R39 -> -0.1614395 | V39: {=LOOKUP(1,0/(($D$3=数据提取表!$A:$A)*($A39=数据提取表!$B:$B)),数据提取表!R:R)} -> 2345.64 | W39: =计划电量!F33 -> 7604 | X39: =V39-(计划电量!G33+计划电量!N33+计划电量!O33/31*日报辅助图!$D$1) -> -319.68258 | Y39: =V39/W39 -> 0.30847449 | Z39: =X39/W39 -> -0.04204137 | AA39: {=LOOKUP(1,0/(($D$3=数据提取表!$A:$A)*($A39=数据提取表!$B:$B)),数据提取表!AC:AC)} -> 0 | AB39: {=LOOKUP(1,0/(($D$3=数据提取表!$A:$A)*($A39=数据提取表!$B:$B)),数据提取表!AD:AD)} -> 0 | AG39: 621.66
B40: BO31 | C40: 武清二期 | D40: 48 | E40: =LOOKUP(1,0/(($D$3=数据提取表!$A:$A)*($A40=数据提取表!$B:$B)),数据提取表!E:E) -> #N/A | F40: =LOOKUP(1,0/(($D$3=数据提取表!$A:$A)*($A40=数据提取表!$B:$B)),数据提取表!F:F) -> #N/A | G40: =LOOKUP(1,0/(($D$3=数据提取表!$A:$A)*($A40=数据提取表!$B:$B)),数据提取表!H:H) -> #N/A | H40: =LOOKUP(1,0/(($D$3=数据提取表!$A:$A)*($A40=数据提取表!$B:$B)),数据提取表!I:I) -> #N/A | I40: =LOOKUP(1,0/(($D$3=数据提取表!$A:$A)*($A40=数据提取表!$B:$B)),数据提取表!J:J) -> #N/A | J40: =LOOKUP(1,0/(($D$3=数据提取表!$A:$A)*($A40=数据提取表!$B:$B)),数据提取表!K:K) -> #N/A | K40: =J40/G40 -> #N/A | L40: =LOOKUP(1,0/(($D$3=数据提取表!$A:$A)*($A40=数据提取表!$B:$B)),数据提取表!M:M) -> #N/A | M40: 0 | N40: =L40-M40/31*日报辅助图!$D$1 -> #N/A | O40: =L40/M40 -> #N/A | P40: =N40/M40 -> #N/A | Q40: =L40 -> #N/A | R40: 0 | S40: =Q40-(计划电量!K34/31*日报辅助图!$D$1) -> #N/A | T40: =Q40/R40 -> #N/A | U40: =S40/R40 -> #N/A | V40: {=LOOKUP(1,0/(($D$3=数据提取表!$A:$A)*($A40=数据提取表!$B:$B)),数据提取表!R:R)} -> #N/A | W40: 2912 | X40: =V40-(计划电量!K34/31*日报辅助图!$D$1) -> #N/A | Y40: =V40/W40 -> #N/A | Z40: =X40/W40 -> #N/A | AA40: {=LOOKUP(1,0/(($D$3=数据提取表!$A:$A)*($A40=数据提取表!$B:$B)),数据提取表!AC:AC)} -> #N/A | AB40: {=LOOKUP(1,0/(($D$3=数据提取表!$A:$A)*($A40=数据提取表!$B:$B)),数据提取表!AD:AD)} -> #N/A | AG40: #N/A
B41: BO32 | C41: 新隆光伏 | D41: 100 | E41: =LOOKUP(1,0/(($D$3=数据提取表!$A:$A)*($A41=数据提取表!$B:$B)),数据提取表!E:E) -> #N/A | F41: =LOOKUP(1,0/(($D$3=数据提取表!$A:$A)*($A41=数据提取表!$B:$B)),数据提取表!F:F) -> #N/A | G41: =LOOKUP(1,0/(($D$3=数据提取表!$A:$A)*($A41=数据提取表!$B:$B)),数据提取表!H:H) -> #N/A | H41: =LOOKUP(1,0/(($D$3=数据提取表!$A:$A)*($A41=数据提取表!$B:$B)),数据提取表!I:I) -> #N/A | I41: =LOOKUP(1,0/(($D$3=数据提取表!$A:$A)*($A41=数据提取表!$B:$B)),数据提取表!J:J) -> #N/A | J41: =LOOKUP(1,0/(($D$3=数据提取表!$A:$A)*($A41=数据提取表!$B:$B)),数据提取表!K:K) -> #N/A | K41: =J41/G41 -> #N/A | L41: =LOOKUP(1,0/(($D$3=数据提取表!$A:$A)*($A41=数据提取表!$B:$B)),数据提取表!M:M) -> #N/A | M41: 0 | N41: =L41-M41/31*日报辅助图!$D$1 -> #N/A | O41: =L41/M41 -> #N/A | P41: =N41/M41 -> #N/A | Q41: =L41 -> #N/A | R41: 0 | S41: =Q41-(计划电量!K35/31*日报辅助图!$D$1) -> #N/A | T41: =Q41/R41 -> #N/A | U41: =S41/R41 -> #N/A | V41: {=LOOKUP(1,0/(($D$3=数据提取表!$A:$A)*($A41=数据提取表!$B:$B)),数据提取表!R:R)} -> #N/A | W41: 4555 | X41: =V41-(计划电量!K35/31*日报辅助图!$D$1) -> #N/A | Y41: =V41/W41 -> #N/A | Z41: =X41/W41 -> #N/A | AA41: {=LOOKUP(1,0/(($D$3=数据提取表!$A:$A)*($A41=数据提取表!$B:$B)),数据提取表!AC:AC)} -> #N/A | AB41: {=LOOKUP(1,0/(($D$3=数据提取表!$A:$A)*($A41=数据提取表!$B:$B)),数据提取表!AD:AD)} -> #N/A | AG41: #N/A
B42: BO33 | C42: 上谷光伏 | D42: 200 | E42: =LOOKUP(1,0/(($D$3=数据提取表!$A:$A)*($A42=数据提取表!$B:$B)),数据提取表!E:E) -> #N/A | F42: =LOOKUP(1,0/(($D$3=数据提取表!$A:$A)*($A42=数据提取表!$B:$B)),数据提取表!F:F) -> #N/A | G42: =LOOKUP(1,0/(($D$3=数据提取表!$A:$A)*($A42=数据提取表!$B:$B)),数据提取表!H:H) -> #N/A | H42: =LOOKUP(1,0/(($D$3=数据提取表!$A:$A)*($A42=数据提取表!$B:$B)),数据提取表!I:I) -> #N/A | I42: =LOOKUP(1,0/(($D$3=数据提取表!$A:$A)*($A42=数据提取表!$B:$B)),数据提取表!J:J) -> #N/A | J42: =LOOKUP(1,0/(($D$3=数据提取表!$A:$A)*($A42=数据提取表!$B:$B)),数据提取表!K:K) -> #N/A | K42: =J42/G42 -> #N/A | L42: =LOOKUP(1,0/(($D$3=数据提取表!$A:$A)*($A42=数据提取表!$B:$B)),数据提取表!M:M) -> #N/A | M42: 0 | N42: =L42-M42/31*日报辅助图!$D$1 -> #N/A | O42: =L42/M42 -> #N/A | P42: =N42/M42 -> #N/A | Q42: =L42 -> #N/A | R42: 0 | S42: =Q42-(计划电量!K36/31*日报辅助图!$D$1) -> #N/A | T42: =Q42/R42 -> #N/A | U42: =S42/R42 -> #N/A | V42: {=LOOKUP(1,0/(($D$3=数据提取表!$A:$A)*($A42=数据提取表!$B:$B)),数据提取表!R:R)} -> #N/A | W42: 7411 | X42: =V42-(计划电量!K36/31*日报辅助图!$D$1) -> #N/A | Y42: =V42/W42 -> #N/A | Z42: =X42/W42 -> #N/A | AA42: {=LOOKUP(1,0/(($D$3=数据提取表!$A:$A)*($A42=数据提取表!$B:$B)),数据提取表!AC:AC)} -> #N/A | AB42: {=LOOKUP(1,0/(($D$3=数据提取表!$A:$A)*($A42=数据提取表!$B:$B)),数据提取表!AD:AD)} -> #N/A | AG42: #N/A
B43: 增量项目小计 | D43: =D39 -> 33 | E43: / | F43: / | G43: =G39 -> 41.4181 | H43: =H39 -> 41.1979 | I43: =I39 -> 40.26 | J43: =J39 -> 0 | K43: =J43/G43 -> 0 | L43: =L39 -> 76.56 | M43: =M39 -> 1121 | N43: =N39 -> 4.2374194 | O43: =L43/M43 -> 0.068296164 | P43: =N43/M43 -> 0.0037800351 | Q43: =Q39 -> 698.22 | R43: =R39 -> 2850 | S43: =S39 -> -460.10258 | T43: =Q43/R43 -> 0.24498947 | U43: =S43/R43 -> -0.1614395 | V43: =V39 -> 2345.64 | W43: =W39 -> 7604 | X43: =X39 -> -319.68258 | Y43: =V43/W43 -> 0.30847449 | Z43: =X43/W43 -> -0.04204137 | AA43: =AA39 -> 0 | AB43: =AB39 -> 0 | AG43: 621.66
B44: 北方资产运营中心小计 | D44: =D38+D43 -> 1656 | E44: / | F44: / | G44: =G38+G43 -> 1362.2703 | H44: =H38+H43 -> 1021.8981 | I44: =I38+I43 -> 998.442 | J44: =J38+J43 -> 338.9442 | K44: =J44/G44 -> 0.24880833 | L44: =L38+L43 -> 2190.8176 | M44: =M38+M43 -> 31140 | N44: =N38+N43 -> 181.78534 | O44: =L44/M44 -> 0.070353809 | P44: =N44/M44 -> 0.0058376796 | Q44: =Q38+Q43 -> 35682.954 | R44: =R38+R43 -> 97197 | S44: =S38+S43 -> -4369.0784 | T44: =Q44/R44 -> 0.36711991 | U44: =S44/R44 -> -0.044950753 | V44: =V38+V43 -> 127985.34 | W44: =W38+W43 -> 363675 | X44: =X38+X43 -> -4701.6943 | Y44: =V44/W44 -> 0.35192229 | Z44: =X44/W44 -> -0.012928286 | AA44: =AA38+AA43 -> 0 | AB44: =AB38+AB43 -> 0 | AG44: 33492.136
A45: 特变雅满苏光伏一电站 | B45: BO34 | C45: 雅满苏 | D45: 150 | E45: =LOOKUP(1,0/(($D$3=数据提取表!$A:$A)*($A45=数据提取表!$B:$B)),数据提取表!E:E) -> 晴 | F45: =LOOKUP(1,0/(($D$3=数据提取表!$A:$A)*($A45=数据提取表!$B:$B)),数据提取表!F:F) -> 7.05 | G45: =LOOKUP(1,0/(($D$3=数据提取表!$A:$A)*($A45=数据提取表!$B:$B)),数据提取表!H:H) -> 89.1229 | H45: =LOOKUP(1,0/(($D$3=数据提取表!$A:$A)*($A45=数据提取表!$B:$B)),数据提取表!I:I) -> 88.9332 | I45: =LOOKUP(1,0/(($D$3=数据提取表!$A:$A)*($A45=数据提取表!$B:$B)),数据提取表!J:J) -> 88.2 | J45: =LOOKUP(1,0/(($D$3=数据提取表!$A:$A)*($A45=数据提取表!$B:$B)),数据提取表!K:K) -> 0 | K45: =J45/G45 -> 0 | L45: =LOOKUP(1,0/(($D$3=数据提取表!$A:$A)*($A45=数据提取表!$B:$B)),数据提取表!M:M) -> 189.525 | M45: =计划电量!O38 -> 2355 | N45: =L45-M45/31*日报辅助图!$D$1 -> 37.589516 | O45: =L45/M45 -> 0.080477707 | P45: =N45/M45 -> 0.015961578 | Q45: =L45+AG45+AH45 -> 2626.05 | R45: =计划电量!H38 -> 7024.6 | S45: =Q45-(计划电量!N38+计划电量!O38/31*日报辅助图!$D$1) -> 169.51452 | T45: =Q45/R45 -> 0.37383623 | U45: =S45/R45 -> 0.024131554 | V45: {=LOOKUP(1,0/(($D$3=数据提取表!$A:$A)*($A45=数据提取表!$B:$B)),数据提取表!R:R)} -> 9139.725 | W45: =计划电量!F38 -> 25455.6 | X45: =V45-(计划电量!G38+计划电量!N38+计划电量!O38/31*日报辅助图!$D$1) -> 671.18952 | Y45: =V45/W45 -> 0.35904575 | Z45: =X45/W45 -> 0.026367067 | AA45: {=LOOKUP(1,0/(($D$3=数据提取表!$A:$A)*($A45=数据提取表!$B:$B)),数据提取表!AC:AC)} -> 0 | AB45: {=LOOKUP(1,0/(($D$3=数据提取表!$A:$A)*($A45=数据提取表!$B:$B)),数据提取表!AD:AD)} -> 0 | AG45: 2436.525
A46: 特变思甜东风电一场 | B46: BO35 | C46: 景峡思甜东 | D46: 200 | E46: =LOOKUP(1,0/(($D$3=数据提取表!$A:$A)*($A46=数据提取表!$B:$B)),数据提取表!E:E) -> 阴 | F46: {=LOOKUP(1,0/(($D$3=数据提取表!$A:$A)*($A46=数据提取表!$B:$B)),数据提取表!G:G)} -> 4.25 | G46: =LOOKUP(1,0/(($D$3=数据提取表!$A:$A)*($A46=数据提取表!$B:$B)),数据提取表!H:H) -> 51.648 | H46: =LOOKUP(1,0/(($D$3=数据提取表!$A:$A)*($A46=数据提取表!$B:$B)),数据提取表!I:I) -> 42.613 | I46: =LOOKUP(1,0/(($D$3=数据提取表!$A:$A)*($A46=数据提取表!$B:$B)),数据提取表!J:J) -> 40.92 | J46: =LOOKUP(1,0/(($D$3=数据提取表!$A:$A)*($A46=数据提取表!$B:$B)),数据提取表!K:K) -> 8.9025 | K46: =J46/G46 -> 0.17236873 | L46: =LOOKUP(1,0/(($D$3=数据提取表!$A:$A)*($A46=数据提取表!$B:$B)),数据提取表!M:M) -> 65.34 | M46: =计划电量!O39 -> 4430 | N46: =L46-M46/31*日报辅助图!$D$1 -> -220.46645 | O46: =L46/M46 -> 0.014749436 | P46: =N46/M46 -> -0.049766693 | Q46: =L46+AG46+AH46 -> 5150.64 | R46: =计划电量!H39 -> 13744 | S46: =Q46-(计划电量!N39+计划电量!O39/31*日报辅助图!$D$1) -> 219.83355 | T46: =Q46/R46 -> 0.37475553 | U46: =S46/R46 -> 0.015994874 | V46: {=LOOKUP(1,0/(($D$3=数据提取表!$A:$A)*($A46=数据提取表!$B:$B)),数据提取表!R:R)} -> 13000.02 | W46: =计划电量!F39 -> 45530 | X46: =V46-(计划电量!G39+计划电量!N39+计划电量!O39/31*日报辅助图!$D$1) -> -942.78645 | Y46: =V46/W46 -> 0.28552647 | Z46: =X46/W46 -> -0.020706928 | AA46: {=LOOKUP(1,0/(($D$3=数据提取表!$A:$A)*($A46=数据提取表!$B:$B)),数据提取表!AC:AC)} -> 0 | AB46: {=LOOKUP(1,0/(($D$3=数据提取表!$A:$A)*($A46=数据提取表!$B:$B)),数据提取表!AD:AD)} -> 0 | AG46: 5085.3
A47: 中闽木垒大石头200MW风电一场 | B47: BO36 | C47: 中闽大石头 | D47: 200 | E47: =LOOKUP(1,0/(($D$3=数据提取表!$A:$A)*($A47=数据提取表!$B:$B)),数据提取表!E:E) -> 晴 | F47: {=LOOKUP(1,0/(($D$3=数据提取表!$A:$A)*($A47=数据提取表!$B:$B)),数据提取表!G:G)} -> 7.45 | G47: =LOOKUP(1,0/(($D$3=数据提取表!$A:$A)*($A47=数据提取表!$B:$B)),数据提取表!H:H) -> 226.0788 | H47: =LOOKUP(1,0/(($D$3=数据提取表!$A:$A)*($A47=数据提取表!$B:$B)),数据提取表!I:I) -> 163.8568 | I47: =LOOKUP(1,0/(($D$3=数据提取表!$A:$A)*($A47=数据提取表!$B:$B)),数据提取表!J:J) -> 158.4 | J47: =LOOKUP(1,0/(($D$3=数据提取表!$A:$A)*($A47=数据提取表!$B:$B)),数据提取表!K:K) -> 60.8328 | K47: =J47/G47 -> 0.26907786 | L47: =LOOKUP(1,0/(($D$3=数据提取表!$A:$A)*($A47=数据提取表!$B:$B)),数据提取表!M:M) -> 193.6 | M47: =计划电量!O40 -> 5863 | N47: =L47-M47/31*日报辅助图!$D$1 -> -184.65806 | O47: =L47/M47 -> 0.033020638 | P47: =N47/M47 -> -0.031495491 | Q47: =L47+AG47+AH47 -> 5418.16 | R47: =计划电量!H40 -> 16564 | S47: =Q47-(计划电量!N40+计划电量!O40/31*日报辅助图!$D$1) -> -721.09806 | T47: =Q47/R47 -> 0.32710456 | U47: =S47/R47 -> -0.043534054 | V47: {=LOOKUP(1,0/(($D$3=数据提取表!$A:$A)*($A47=数据提取表!$B:$B)),数据提取表!R:R)} -> 23840.08 | W47: =计划电量!F40 -> 59159 | X47: =V47-(计划电量!G40+计划电量!N40+计划电量!O40/31*日报辅助图!$D$1) -> 1766.8219 | Y47: =V47/W47 -> 0.40298315 | Z47: =X47/W47 -> 0.029865649 | AA47: {=LOOKUP(1,0/(($D$3=数据提取表!$A:$A)*($A47=数据提取表!$B:$B)),数据提取表!AC:AC)} -> 0 | AB47: {=LOOKUP(1,0/(($D$3=数据提取表!$A:$A)*($A47=数据提取表!$B:$B)),数据提取表!AD:AD)} -> 0 | AG47: 5224.56
A48: 特变电工木垒大石头200MW风电一场 | B48: BO37 | C48: 嘉裕大石头 | D48: 200 | E48: =LOOKUP(1,0/(($D$3=数据提取表!$A:$A)*($A48=数据提取表!$B:$B)),数据提取表!E:E) -> 晴 | F48: {=LOOKUP(1,0/(($D$3=数据提取表!$A:$A)*($A48=数据提取表!$B:$B)),数据提取表!G:G)} -> 9.41 | G48: =LOOKUP(1,0/(($D$3=数据提取表!$A:$A)*($A48=数据提取表!$B:$B)),数据提取表!H:H) -> 166.5902 | H48: =LOOKUP(1,0/(($D$3=数据提取表!$A:$A)*($A48=数据提取表!$B:$B)),数据提取表!I:I) -> 65.7398 | I48: =LOOKUP(1,0/(($D$3=数据提取表!$A:$A)*($A48=数据提取表!$B:$B)),数据提取表!J:J) -> 65.175 | J48: =LOOKUP(1,0/(($D$3=数据提取表!$A:$A)*($A48=数据提取表!$B:$B)),数据提取表!K:K) -> 0 | K48: =J48/G48 -> 0 | L48: =LOOKUP(1,0/(($D$3=数据提取表!$A:$A)*($A48=数据提取表!$B:$B)),数据提取表!M:M) -> 87.45 | M48: =计划电量!O41 -> 3600 | N48: =L48-M48/31*日报辅助图!$D$1 -> -144.80806 | O48: =L48/M48 -> 0.024291667 | P48: =N48/M48 -> -0.040224462 | Q48: =L48+AG48+AH48 -> 3211.725 | R48: =计划电量!H41 -> 9815 | S48: =Q48-(计划电量!N41+计划电量!O41/31*日报辅助图!$D$1) -> -520.53306 | T48: =Q48/R48 -> 0.32722618 | U48: =S48/R48 -> -0.053034444 | V48: {=LOOKUP(1,0/(($D$3=数据提取表!$A:$A)*($A48=数据提取表!$B:$B)),数据提取表!R:R)} -> 13647.975 | W48: =计划电量!F41 -> 30140 | X48: =V48-(计划电量!G41+计划电量!N41+计划电量!O41/31*日报辅助图!$D$1) -> 2771.7169 | Y48: =V48/W48 -> 0.45281934 | Z48: =X48/W48 -> 0.091961411 | AA48: {=LOOKUP(1,0/(($D$3=数据提取表!$A:$A)*($A48=数据提取表!$B:$B)),数据提取表!AC:AC)} -> 0 | AB48: {=LOOKUP(1,0/(($D$3=数据提取表!$A:$A)*($A48=数据提取表!$B:$B)),数据提取表!AD:AD)} -> 0 | AG48: 3124.275
A49: 晶能布尔津风电场 | B49: BO38 | C49: 晶能布尔津 | D49: 150 | E49: =LOOKUP(1,0/(($D$3=数据提取表!$A:$A)*($A49=数据提取表!$B:$B)),数据提取表!E:E) -> 晴 | F49: {=LOOKUP(1,0/(($D$3=数据提取表!$A:$A)*($A49=数据提取表!$B:$B)),数据提取表!G:G)} -> 6.9 | G49: =LOOKUP(1,0/(($D$3=数据提取表!$A:$A)*($A49=数据提取表!$B:$B)),数据提取表!H:H) -> 165.7698 | H49: =LOOKUP(1,0/(($D$3=数据提取表!$A:$A)*($A49=数据提取表!$B:$B)),数据提取表!I:I) -> 96.9712 | I49: =LOOKUP(1,0/(($D$3=数据提取表!$A:$A)*($A49=数据提取表!$B:$B)),数据提取表!J:J) -> 93.28 | J49: =LOOKUP(1,0/(($D$3=数据提取表!$A:$A)*($A49=数据提取表!$B:$B)),数据提取表!K:K) -> 68.7986 | K49: =J49/G49 -> 0.41502493 | L49: =LOOKUP(1,0/(($D$3=数据提取表!$A:$A)*($A49=数据提取表!$B:$B)),数据提取表!M:M) -> 117.92 | M49: =计划电量!O42 -> 2131 | N49: =L49-M49/31*日报辅助图!$D$1 -> -19.563871 | O49: =L49/M49 -> 0.055335523 | P49: =N49/M49 -> -0.0091806058 | Q49: =L49+AG49+AH49 -> 2955.04 | R49: =计划电量!H42 -> 8168 | S49: =Q49-(计划电量!N42+计划电量!O42/31*日报辅助图!$D$1) -> -926.44387 | T49: =Q49/R49 -> 0.36178257 | U49: =S49/R49 -> -0.11342359 | V49: {=LOOKUP(1,0/(($D$3=数据提取表!$A:$A)*($A49=数据提取表!$B:$B)),数据提取表!R:R)} -> 16396.16 | W49: =计划电量!F42 -> 38110 | X49: =V49-(计划电量!G42+计划电量!N42+计划电量!O42/31*日报辅助图!$D$1) -> 729.67613 | Y49: =V49/W49 -> 0.43023248 | Z49: =X49/W49 -> 0.019146579 | AA49: {=LOOKUP(1,0/(($D$3=数据提取表!$A:$A)*($A49=数据提取表!$B:$B)),数据提取表!AC:AC)} -> 0 | AB49: {=LOOKUP(1,0/(($D$3=数据提取表!$A:$A)*($A49=数据提取表!$B:$B)),数据提取表!AD:AD)} -> 0 | AG49: 2837.12
A50: 汇能老君庙风电一场 | B50: BO39 | C50: 汇能老君庙 | D50: 100 | E50: =LOOKUP(1,0/(($D$3=数据提取表!$A:$A)*($A50=数据提取表!$B:$B)),数据提取表!E:E) -> 晴 | F50: {=LOOKUP(1,0/(($D$3=数据提取表!$A:$A)*($A50=数据提取表!$B:$B)),数据提取表!G:G)} -> 7.99 | G50: =LOOKUP(1,0/(($D$3=数据提取表!$A:$A)*($A50=数据提取表!$B:$B)),数据提取表!H:H) -> 145.3671 | H50: =LOOKUP(1,0/(($D$3=数据提取表!$A:$A)*($A50=数据提取表!$B:$B)),数据提取表!I:I) -> 104.3008 | I50: =LOOKUP(1,0/(($D$3=数据提取表!$A:$A)*($A50=数据提取表!$B:$B)),数据提取表!J:J) -> 102.96 | J50: =LOOKUP(1,0/(($D$3=数据提取表!$A:$A)*($A50=数据提取表!$B:$B)),数据提取表!K:K) -> 41.0663 | K50: =J50/G50 -> 0.28250065 | L50: =LOOKUP(1,0/(($D$3=数据提取表!$A:$A)*($A50=数据提取表!$B:$B)),数据提取表!M:M) -> 148.5 | M50: =计划电量!O43 -> 3246 | N50: =L50-M50/31*日报辅助图!$D$1 -> -60.919355 | O50: =L50/M50 -> 0.045748614 | P50: =N50/M50 -> -0.018767515 | Q50: =L50+AG50+AH50 -> 2902.68 | R50: =计划电量!H43 -> 9635 | S50: =Q50-(计划电量!N43+计划电量!O43/31*日报辅助图!$D$1) -> -112.73935 | T50: =Q50/R50 -> 0.30126414 | U50: =S50/R50 -> -0.011701023 | V50: {=LOOKUP(1,0/(($D$3=数据提取表!$A:$A)*($A50=数据提取表!$B:$B)),数据提取表!R:R)} -> 8720.58 | W50: =计划电量!F43 -> 27774 | X50: =V50-(计划电量!G43+计划电量!N43+计划电量!O43/31*日报辅助图!$D$1) -> 404.16065 | Y50: =V50/W50 -> 0.31398358 | Z50: =X50/W50 -> 0.014551762 | AA50: {=LOOKUP(1,0/(($D$3=数据提取表!$A:$A)*($A50=数据提取表!$B:$B)),数据提取表!AC:AC)} -> 0 | AB50: {=LOOKUP(1,0/(($D$3=数据提取表!$A:$A)*($A50=数据提取表!$B:$B)),数据提取表!AD:AD)} -> 0 | AG50: 2754.18
A51: 振超分散式兴业风电一场 | B51: BO40 | C51: 哈密振超 | D51: 15 | E51: =LOOKUP(1,0/(($D$3=数据提取表!$A:$A)*($A51=数据提取表!$B:$B)),数据提取表!E:E) -> 晴 | F51: {=LOOKUP(1,0/(($D$3=数据提取表!$A:$A)*($A51=数据提取表!$B:$B)),数据提取表!G:G)} -> 4.57 | G51: =LOOKUP(1,0/(($D$3=数据提取表!$A:$A)*($A51=数据提取表!$B:$B)),数据提取表!H:H) -> 7.045 | H51: =LOOKUP(1,0/(($D$3=数据提取表!$A:$A)*($A51=数据提取表!$B:$B)),数据提取表!I:I) -> 6.1124 | I51: =LOOKUP(1,0/(($D$3=数据提取表!$A:$A)*($A51=数据提取表!$B:$B)),数据提取表!J:J) -> 5.985 | J51: =LOOKUP(1,0/(($D$3=数据提取表!$A:$A)*($A51=数据提取表!$B:$B)),数据提取表!K:K) -> 0.1324 | K51: =J51/G51 -> 0.018793471 | L51: =LOOKUP(1,0/(($D$3=数据提取表!$A:$A)*($A51=数据提取表!$B:$B)),数据提取表!M:M) -> 12.18 | M51: =计划电量!O44 -> 370 | N51: =L51-M51/31*日报辅助图!$D$1 -> -11.690968 | O51: =L51/M51 -> 0.032918919 | P51: =N51/M51 -> -0.03159721 | Q51: =L51+AG51+AH51 -> 294.42 | R51: =计划电量!H44 -> 1075 | S51: =Q51-(计划电量!N44+计划电量!O44/31*日报辅助图!$D$1) -> -104.45097 | T51: =Q51/R51 -> 0.27387907 | U51: =S51/R51 -> -0.097163691 | V51: {=LOOKUP(1,0/(($D$3=数据提取表!$A:$A)*($A51=数据提取表!$B:$B)),数据提取表!R:R)} -> 900.375 | W51: =计划电量!F44 -> 3444 | X51: =V51-(计划电量!G44+计划电量!N44+计划电量!O44/31*日报辅助图!$D$1) -> -234.49597 | Y51: =V51/W51 -> 0.26143293 | Z51: =X51/W51 -> -0.06808826 | AA51: {=LOOKUP(1,0/(($D$3=数据提取表!$A:$A)*($A51=数据提取表!$B:$B)),数据提取表!AC:AC)} -> 0 | AB51: {=LOOKUP(1,0/(($D$3=数据提取表!$A:$A)*($A51=数据提取表!$B:$B)),数据提取表!AD:AD)} -> 0 | AG51: 282.24
A52: 110kV新特森泽风电一场 | B52: BO41 | C52: 新特森泽 | D52: 50 | E52: =LOOKUP(1,0/(($D$3=数据提取表!$A:$A)*($A52=数据提取表!$B:$B)),数据提取表!E:E) -> 晴 | F52: {=LOOKUP(1,0/(($D$3=数据提取表!$A:$A)*($A52=数据提取表!$B:$B)),数据提取表!G:G)} -> 11.9 | G52: =LOOKUP(1,0/(($D$3=数据提取表!$A:$A)*($A52=数据提取表!$B:$B)),数据提取表!H:H) -> 89.9888 | H52: =LOOKUP(1,0/(($D$3=数据提取表!$A:$A)*($A52=数据提取表!$B:$B)),数据提取表!I:I) -> 49.2946 | I52: =LOOKUP(1,0/(($D$3=数据提取表!$A:$A)*($A52=数据提取表!$B:$B)),数据提取表!J:J) -> 47.718 | J52: =LOOKUP(1,0/(($D$3=数据提取表!$A:$A)*($A52=数据提取表!$B:$B)),数据提取表!K:K) -> 40.6942 | K52: =J52/G52 -> 0.45221405 | L52: =LOOKUP(1,0/(($D$3=数据提取表!$A:$A)*($A52=数据提取表!$B:$B)),数据提取表!M:M) -> 89.265 | M52: =计划电量!O45 -> 1329 | N52: =L52-M52/31*日报辅助图!$D$1 -> 3.5230645 | O52: =L52/M52 -> 0.067167043 | P52: =N52/M52 -> 0.0026509139 | Q52: =L52+AG52+AH52 -> 1847.967 | R52: =计划电量!H45 -> 3173 | S52: =Q52-(计划电量!N45+计划电量!O45/31*日报辅助图!$D$1) -> 97.225065 | T52: =Q52/R52 -> 0.58240372 | U52: =S52/R52 -> 0.030641369 | V52: {=LOOKUP(1,0/(($D$3=数据提取表!$A:$A)*($A52=数据提取表!$B:$B)),数据提取表!R:R)} -> 4563.8076 | W52: =计划电量!F45 -> 11882 | X52: =V52-(计划电量!G45+计划电量!N45+计划电量!O45/31*日报辅助图!$D$1) -> 95.065665 | Y52: =V52/W52 -> 0.38409423 | Z52: =X52/W52 -> 0.0080008134 | AA52: {=LOOKUP(1,0/(($D$3=数据提取表!$A:$A)*($A52=数据提取表!$B:$B)),数据提取表!AC:AC)} -> 0 | AB52: {=LOOKUP(1,0/(($D$3=数据提取表!$A:$A)*($A52=数据提取表!$B:$B)),数据提取表!AD:AD)} -> 0 | AG52: 1758.702
A53: 新尚能源莎车光伏一电站 | B53: BO42 | C53: 新尚莎车 | D53: 115 | E53: =LOOKUP(1,0/(($D$3=数据提取表!$A:$A)*($A53=数据提取表!$B:$B)),数据提取表!E:E) -> 晴 | F53: =LOOKUP(1,0/(($D$3=数据提取表!$A:$A)*($A53=数据提取表!$B:$B)),数据提取表!F:F) -> 7.29 | G53: =LOOKUP(1,0/(($D$3=数据提取表!$A:$A)*($A53=数据提取表!$B:$B)),数据提取表!H:H) -> 87.888 | H53: =LOOKUP(1,0/(($D$3=数据提取表!$A:$A)*($A53=数据提取表!$B:$B)),数据提取表!I:I) -> 25.3546 | I53: =LOOKUP(1,0/(($D$3=数据提取表!$A:$A)*($A53=数据提取表!$B:$B)),数据提取表!J:J) -> 24.3544 | J53: =LOOKUP(1,0/(($D$3=数据提取表!$A:$A)*($A53=数据提取表!$B:$B)),数据提取表!K:K) -> 62.5334 | K53: =J53/G53 -> 0.71151238 | L53: =LOOKUP(1,0/(($D$3=数据提取表!$A:$A)*($A53=数据提取表!$B:$B)),数据提取表!M:M) -> 48.398 | M53: =计划电量!O46 -> 1095 | N53: =L53-M53/31*日报辅助图!$D$1 -> -22.247161 | O53: =L53/M53 -> 0.044199087 | P53: =N53/M53 -> -0.020317042 | Q53: =L53+AG53+AH53 -> 688.5144 | R53: =计划电量!H46 -> 2850 | S53: =Q53-(计划电量!N46+计划电量!O46/31*日报辅助图!$D$1) -> -310.13076 | T53: =Q53/R53 -> 0.241584 | U53: =S53/R53 -> -0.10881781 | V53: {=LOOKUP(1,0/(($D$3=数据提取表!$A:$A)*($A53=数据提取表!$B:$B)),数据提取表!R:R)} -> 3580.7632 | W53: =计划电量!F46 -> 11688 | X53: =V53-(计划电量!G46+计划电量!N46+计划电量!O46/31*日报辅助图!$D$1) -> -614.88196 | Y53: =V53/W53 -> 0.30636235 | Z53: =X53/W53 -> -0.052607971 | AA53: {=LOOKUP(1,0/(($D$3=数据提取表!$A:$A)*($A53=数据提取表!$B:$B)),数据提取表!AC:AC)} -> 0 | AB53: {=LOOKUP(1,0/(($D$3=数据提取表!$A:$A)*($A53=数据提取表!$B:$B)),数据提取表!AD:AD)} -> 0 | AG53: 640.1164
A54: 柯特新能源柯坪光伏一电站 | B54: BO43 | C54: 柯特柯坪 | D54: 110 | E54: =LOOKUP(1,0/(($D$3=数据提取表!$A:$A)*($A54=数据提取表!$B:$B)),数据提取表!E:E) -> 晴 | F54: =LOOKUP(1,0/(($D$3=数据提取表!$A:$A)*($A54=数据提取表!$B:$B)),数据提取表!F:F) -> 9.5 | G54: =LOOKUP(1,0/(($D$3=数据提取表!$A:$A)*($A54=数据提取表!$B:$B)),数据提取表!H:H) -> 90.0592 | H54: =LOOKUP(1,0/(($D$3=数据提取表!$A:$A)*($A54=数据提取表!$B:$B)),数据提取表!I:I) -> 33.2979 | I54: =LOOKUP(1,0/(($D$3=数据提取表!$A:$A)*($A54=数据提取表!$B:$B)),数据提取表!J:J) -> 31.4538 | J54: =LOOKUP(1,0/(($D$3=数据提取表!$A:$A)*($A54=数据提取表!$B:$B)),数据提取表!K:K) -> 56.7613 | K54: =J54/G54 -> 0.63026654 | L54: =LOOKUP(1,0/(($D$3=数据提取表!$A:$A)*($A54=数据提取表!$B:$B)),数据提取表!M:M) -> 64.8627 | M54: =计划电量!O47 -> 1281 | N54: =L54-M54/31*日报辅助图!$D$1 -> -17.782461 | O54: =L54/M54 -> 0.050634426 | P54: =N54/M54 -> -0.013881703 | Q54: =L54+AG54+AH54 -> 1325.4298 | R54: =计划电量!H47 -> 3700 | S54: =Q54-(计划电量!N47+计划电量!O47/31*日报辅助图!$D$1) -> 140.78464 | T54: =Q54/R54 -> 0.35822427 | U54: =S54/R54 -> 0.038049902 | V54: {=LOOKUP(1,0/(($D$3=数据提取表!$A:$A)*($A54=数据提取表!$B:$B)),数据提取表!R:R)} -> 4298.5888 | W54: =计划电量!F47 -> 14225 | X54: =V54-(计划电量!G47+计划电量!N47+计划电量!O47/31*日报辅助图!$D$1) -> 43.943639 | Y54: =V54/W54 -> 0.3021855 | Z54: =X54/W54 -> 0.0030891837 | AA54: {=LOOKUP(1,0/(($D$3=数据提取表!$A:$A)*($A54=数据提取表!$B:$B)),数据提取表!AC:AC)} -> 0 | AB54: {=LOOKUP(1,0/(($D$3=数据提取表!$A:$A)*($A54=数据提取表!$B:$B)),数据提取表!AD:AD)} -> 0 | AG54: 1260.5671
A55: 卓尚若羌风电一场 | B55: BO44 | C55: 卓尚若羌 | D55: 55 | E55: =LOOKUP(1,0/(($D$3=数据提取表!$A:$A)*($A55=数据提取表!$B:$B)),数据提取表!E:E) -> 晴 | F55: {=LOOKUP(1,0/(($D$3=数据提取表!$A:$A)*($A55=数据提取表!$B:$B)),数据提取表!G:G)} -> 8.81 | G55: =LOOKUP(1,0/(($D$3=数据提取表!$A:$A)*($A55=数据提取表!$B:$B)),数据提取表!H:H) -> 65.719 | H55: =LOOKUP(1,0/(($D$3=数据提取表!$A:$A)*($A55=数据提取表!$B:$B)),数据提取表!I:I) -> 26.022 | I55: =LOOKUP(1,0/(($D$3=数据提取表!$A:$A)*($A55=数据提取表!$B:$B)),数据提取表!J:J) -> 25.85 | J55: =LOOKUP(1,0/(($D$3=数据提取表!$A:$A)*($A55=数据提取表!$B:$B)),数据提取表!K:K) -> 39.697 | K55: =J55/G55 -> 0.60404145 | L55: =LOOKUP(1,0/(($D$3=数据提取表!$A:$A)*($A55=数据提取表!$B:$B)),数据提取表!M:M) -> 30.184 | M55: =计划电量!O48 -> 492 | N55: =L55-M55/31*日报辅助图!$D$1 -> -1.5579355 | O55: =L55/M55 -> 0.061349593 | P55: =N55/M55 -> -0.0031665355 | Q55: =L55+AG55+AH55 -> 656.6604 | R55: =计划电量!H48 -> 1666 | S55: =Q55-(计划电量!N48+计划电量!O48/31*日报辅助图!$D$1) -> 39.918465 | T55: =Q55/R55 -> 0.3941539 | U55: =S55/R55 -> 0.023960663 | V55: {=LOOKUP(1,0/(($D$3=数据提取表!$A:$A)*($A55=数据提取表!$B:$B)),数据提取表!R:R)} -> 1680.4568 | W55: =计划电量!F48 -> 5770 | X55: =V55-(计划电量!G48+计划电量!N48+计划电量!O48/31*日报辅助图!$D$1) -> 19.714865 | Y55: =V55/W55 -> 0.29124035 | Z55: =X55/W55 -> 0.0034167876 | AA55: {=LOOKUP(1,0/(($D$3=数据提取表!$A:$A)*($A55=数据提取表!$B:$B)),数据提取表!AC:AC)} -> 0 | AB55: {=LOOKUP(1,0/(($D$3=数据提取表!$A:$A)*($A55=数据提取表!$B:$B)),数据提取表!AD:AD)} -> 0 | AG55: 626.4764
B56: 西北资产运营中心小计 | D56: =SUM(D45:D55) -> 1345 | E56: / | F56: / | G56: =SUM(G45:G55) -> 1185.2768 | H56: =SUM(H45:H55) -> 702.4963 | I56: =SUM(I45:I55) -> 684.2962 | J56: =SUM(J45:J55) -> 379.4185 | K56: =J56/G56 -> 0.32010961 | L56: =SUM(L45:L55) -> 1047.2247 | M56: =SUM(M45:M55) -> 26192 | N56: =SUM(N45:N55) -> -642.58175 | O56: =L56/M56 -> 0.039982617 | P56: =N56/M56 -> -0.024533512 | Q56: =SUM(Q45:Q55) -> 27077.287 | R56: =SUM(R45:R55) -> 77414.6 | S56: =SUM(S45:S55) -> -2028.1199 | T56: =Q56/R56 -> 0.34976977 | U56: =S56/R56 -> -0.026198157 | V56: =SUM(V45:V55) -> 99768.531 | W56: =SUM(W45:W55) -> 273177.6 | X56: =SUM(X45:X55) -> 4710.1249 | Y56: =V56/W56 -> 0.36521491 | Z56: =X56/W56 -> 0.017241988 | AA56: =SUM(AA45:AA55) -> 0 | AB56: =SUM(AB45:AB55) -> 0 | AG56: 26030.062
B57: BOO存量电站 | D57: =D18+D38+D56 -> 3728 | E57: / | F57: / | G57: =G18+G38+G56 -> 2892.8797 | H57: =H18+H38+H56 -> 1982.6193 | I57: =I18+I38+I56 -> 1939.6378 | J57: =J18+J38+J56 -> 791.2243 | K57: =J57/G57 -> 0.2735075 | L57: =L18+L38+L56 -> 3762.3494 | M57: =M18+M38+M56 -> 69522 | N57: =N18+N38+N56 -> -722.94092 | O57: =L57/M57 -> 0.054117393 | P57: =N57/M57 -> -0.010398736 | Q57: =Q18+Q38+Q56 -> 72845.691 | R57: =R18+R38+R56 -> 210947 | S57: =S18+S38+S56 -> -8920.5996 | T57: =Q57/R57 -> 0.34532698 | U57: =S57/R57 -> -0.042288346 | V57: =V18+V38+V56 -> 266124.03 | W57: =W18+W38+W56 -> 761044 | X57: =X18+X38+X56 -> -2317.2626 | Y57: =V57/W57 -> 0.34968284 | Z57: =X57/W57 -> -0.0030448471 | AA57: =AA18+AA38+AA56 -> 0 | AB57: =AB18+AB38+AB56 -> 0 | AG57: 69083.341
B58: BOO增量电站 | D58: =D26+D43 -> 133 | E58: / | F58: / | G58: =G26+G43 -> 41.4181 | H58: =H26+H43 -> 54.0079 | I58: =I26+I43 -> 52.6064 | J58: =J26+J43 -> 0 | K58: =J58/G58 -> 0 | L58: =L26+L43 -> 93.896 | M58: =M26+M43 -> 2621 | N58: =N26+N43 -> -75.200774 | O58: =L58/M58 -> 0.035824494 | P58: =N58/M58 -> -0.028691635 | Q58: =Q26+Q43 -> 1052.9128 | R58: =R26+R43 -> 8196 | S58: =S26+S43 -> -2442.184 | T58: =Q58/R58 -> 0.12846667 | U58: =S58/R58 -> -0.29797267 | V58: =V26+V43 -> 3006.4276 | W58: =W26+W43 -> 22104.6 | X58: =X26+X43 -> -4080.6692 | Y58: =V58/W58 -> 0.13600914 | Z58: =X58/W58 -> -0.18460724 | AA58: =AA26+AA43 -> 0 | AB58: =AB26+AB43 -> 0 | AG58: 959.0168
B59: BOO合计 | D59: =D57+D58 -> 3861 | E59: / | F59: / | G59: =G57+G58 -> 2934.2978 | H59: =H57+H58 -> 2036.6272 | I59: =I57+I58 -> 1992.2442 | J59: =J57+J58 -> 791.2243 | K59: =J59/G59 -> 0.2696469 | L59: =L57+L58 -> 3856.2454 | M59: =M57+M58 -> 72143 | N59: =N57+N58 -> -798.1417 | O59: =L59/M59 -> 0.053452801 | P59: =N59/M59 -> -0.011063328 | Q59: =Q57+Q58 -> 73898.603 | R59: =R57+R58 -> 219143 | S59: =S57+S58 -> -11362.784 | T59: =Q59/R59 -> 0.33721635 | U59: =S59/R59 -> -0.051851 | V59: =V57+V58 -> 269130.46 | W59: =W57+W58 -> 783148.6 | X59: =X57+X58 -> -6397.9318 | Y59: =V59/W59 -> 0.34365184 | Z59: =X59/W59 -> -0.0081694991 | AA59: =AA57+AA58 -> 0 | AB59: =AB57+AB58 -> 0 | AG59: 70042.358
B60: 发电运营事业部5月2日晨会BT电站报表
B61: 序号 | C61: 电站名称 | D61: 容量（MW） | E61: 天气 | F61: 日辐照量（kWh/m2）风速（m/s） | G61: 日标杆机理论发电量（万kWh） | H61: 日实际发电量（万kWh） | I61: 日上网电量（万kWh） | J61: 日限电量（万kWh） | K61: 日限电率（%） | L61: 月累计电量（万kWh） | M61: 月计划电量（万kWh） | N61: 月度偏差电量（万kWh） | O61: 月完成率（%） | P61: 月度偏差率（%） | Q61: 季度累计电量（万kWh） | R61: 季度计划电量（万kWh） | S61: 季度偏差电量（万kWh） | T61: 季度完成率（%） | U61: 季度偏差率（%） | V61: 年累计上网电量（万kWh） | W61: 年计划上网电量（万kWh） | X61: 年度偏差电量（万kWh） | Y61: 年完成率（%） | Z61: 年度偏差率（%） | AA61: 检修损失电量（万kWh） | AB61: 故障损失电量（万kWh） | AC61: 备注（TOP3偏差原因）
A62: 110kV昙泉光伏电站 | B62: BT01 | C62: 闻喜昙泉 | D62: 100 | E62: =LOOKUP(1,0/(($D$3=数据提取表!$A:$A)*($A62=数据提取表!$B:$B)),数据提取表!E:E) -> 晴 | F62: =LOOKUP(1,0/(($D$3=数据提取表!$A:$A)*($A62=数据提取表!$B:$B)),数据提取表!F:F) -> 6.47 | G62: =LOOKUP(1,0/(($D$3=数据提取表!$A:$A)*($A62=数据提取表!$B:$B)),数据提取表!H:H) -> 28.2394 | H62: =LOOKUP(1,0/(($D$3=数据提取表!$A:$A)*($A62=数据提取表!$B:$B)),数据提取表!I:I) -> 10.9 | I62: =LOOKUP(1,0/(($D$3=数据提取表!$A:$A)*($A62=数据提取表!$B:$B)),数据提取表!J:J) -> 10.5798 | J62: =LOOKUP(1,0/(($D$3=数据提取表!$A:$A)*($A62=数据提取表!$B:$B)),数据提取表!K:K) -> 17.3394 | K62: 0 | L62: =LOOKUP(1,0/(($D$3=数据提取表!$A:$A)*($A62=数据提取表!$B:$B)),数据提取表!M:M) -> 28.0973 | M62: =计划电量!O53 -> 299 | N62: =L62-M62/31*日报辅助图!$D$1 -> 8.8069774 | O62: =L62/M62 -> 0.093970903 | P62: =N62/M62 -> 0.029454774 | Q62: =L62+AG62+AH62 -> 410.2791 | R62: =计划电量!H53 -> 930 | S62: =Q62-(计划电量!N53+计划电量!O53/31*日报辅助图!$D$1) -> 258.98878 | T62: =Q62/R62 -> 0.44116032 | U62: =S62/R62 -> 0.27848256 | V62: {=LOOKUP(1,0/(($D$3=数据提取表!$A:$A)*($A62=数据提取表!$B:$B)),数据提取表!R:R)} -> 863.7321 | W62: =计划电量!F53 -> 5723 | X62: =V62-(计划电量!G53+计划电量!N53+计划电量!O53/31*日报辅助图!$D$1) -> 634.44178 | Y62: =V62/W62 -> 0.15092296 | Z62: =X62/W62 -> 0.11085825 | AA62: {=LOOKUP(1,0/(($D$3=数据提取表!$A:$A)*($A62=数据提取表!$B:$B)),数据提取表!AC:AC)} -> 0 | AB62: {=LOOKUP(1,0/(($D$3=数据提取表!$A:$A)*($A62=数据提取表!$B:$B)),数据提取表!AD:AD)} -> 0 | AC62: / | AG62: 382.1818
A63: 干龙潭光伏电站二期 | B63: BT02 | C63: 云县干龙潭二期 | D63: 50 | E63: =LOOKUP(1,0/(($D$3=数据提取表!$A:$A)*($A63=数据提取表!$B:$B)),数据提取表!E:E) -> 多云转小雨 | F63: =LOOKUP(1,0/(($D$3=数据提取表!$A:$A)*($A63=数据提取表!$B:$B)),数据提取表!F:F) -> 4.32 | G63: =LOOKUP(1,0/(($D$3=数据提取表!$A:$A)*($A63=数据提取表!$B:$B)),数据提取表!H:H) -> 16.2531 | H63: =LOOKUP(1,0/(($D$3=数据提取表!$A:$A)*($A63=数据提取表!$B:$B)),数据提取表!I:I) -> 9.3341 | I63: =LOOKUP(1,0/(($D$3=数据提取表!$A:$A)*($A63=数据提取表!$B:$B)),数据提取表!J:J) -> 9.3142 | J63: =LOOKUP(1,0/(($D$3=数据提取表!$A:$A)*($A63=数据提取表!$B:$B)),数据提取表!K:K) -> 6.72 | K63: =J63/G63 -> 0.41345959 | L63: =LOOKUP(1,0/(($D$3=数据提取表!$A:$A)*($A63=数据提取表!$B:$B)),数据提取表!M:M) -> 18.5264 | M63: =计划电量!O54 -> 516 | N63: =L63-M63/31*日报辅助图!$D$1 -> -14.763923 | O63: =L63/M63 -> 0.035903876 | P63: =N63/M63 -> -0.028612253 | Q63: =L63+AG63+AH63 -> 376.8247 | R63: =计划电量!H54 -> 1432 | S63: =Q63-(计划电量!N54+计划电量!O54/31*日报辅助图!$D$1) -> -227.46562 | T63: =Q63/R63 -> 0.26314574 | U63: =S63/R63 -> -0.15884471 | V63: {=LOOKUP(1,0/(($D$3=数据提取表!$A:$A)*($A63=数据提取表!$B:$B)),数据提取表!R:R)} -> 1622.0242 | W63: =计划电量!F54 -> 6458 | X63: =V63-(计划电量!G54+计划电量!N54+计划电量!O54/31*日报辅助图!$D$1) -> -1028.2661 | Y63: =V63/W63 -> 0.2511651 | Z63: =X63/W63 -> -0.15922362 | AA63: {=LOOKUP(1,0/(($D$3=数据提取表!$A:$A)*($A63=数据提取表!$B:$B)),数据提取表!AC:AC)} -> 0 | AB63: {=LOOKUP(1,0/(($D$3=数据提取表!$A:$A)*($A63=数据提取表!$B:$B)),数据提取表!AD:AD)} -> 0 | AG63: 358.2983
A64: 华光光伏电站 | B64: BT03 | C64: 吴起华光 | D64: 10 | E64: =LOOKUP(1,0/(($D$3=数据提取表!$A:$A)*($A64=数据提取表!$B:$B)),数据提取表!E:E) -> 晴 | F64: =LOOKUP(1,0/(($D$3=数据提取表!$A:$A)*($A64=数据提取表!$B:$B)),数据提取表!F:F) -> 6.08 | G64: =LOOKUP(1,0/(($D$3=数据提取表!$A:$A)*($A64=数据提取表!$B:$B)),数据提取表!H:H) -> 6.0444 | H64: =LOOKUP(1,0/(($D$3=数据提取表!$A:$A)*($A64=数据提取表!$B:$B)),数据提取表!I:I) -> 4.0137 | I64: =LOOKUP(1,0/(($D$3=数据提取表!$A:$A)*($A64=数据提取表!$B:$B)),数据提取表!J:J) -> 3.96 | J64: =LOOKUP(1,0/(($D$3=数据提取表!$A:$A)*($A64=数据提取表!$B:$B)),数据提取表!K:K) -> 2.0307 | K64: =J64/G64 -> 0.33596387 | L64: =LOOKUP(1,0/(($D$3=数据提取表!$A:$A)*($A64=数据提取表!$B:$B)),数据提取表!M:M) -> 8.58 | M64: =计划电量!O55 -> 101 | N64: =L64-M64/31*日报辅助图!$D$1 -> 2.063871 | O64: =L64/M64 -> 0.084950495 | P64: =N64/M64 -> 0.020434366 | Q64: =L64+AG64+AH64 -> 133.32 | R64: =计划电量!H55 -> 326 | S64: =Q64-(计划电量!N55+计划电量!O55/31*日报辅助图!$D$1) -> 26.803871 | T64: =Q64/R64 -> 0.40895706 | U64: =S64/R64 -> 0.082220463 | V64: {=LOOKUP(1,0/(($D$3=数据提取表!$A:$A)*($A64=数据提取表!$B:$B)),数据提取表!R:R)} -> 439.56 | W64: =计划电量!F55 -> 1258 | X64: =V64-(计划电量!G55+计划电量!N55+计划电量!O55/31*日报辅助图!$D$1) -> 13.043871 | Y64: =V64/W64 -> 0.34941176 | Z64: =X64/W64 -> 0.010368737 | AA64: {=LOOKUP(1,0/(($D$3=数据提取表!$A:$A)*($A64=数据提取表!$B:$B)),数据提取表!AC:AC)} -> 0 | AB64: {=LOOKUP(1,0/(($D$3=数据提取表!$A:$A)*($A64=数据提取表!$B:$B)),数据提取表!AD:AD)} -> 0 | AG64: 124.74
A65: 行唐郜河光伏电站 | B65: BT04 | C65: 行唐郜河 | D65: 5.48 | E65: =LOOKUP(1,0/(($D$3=数据提取表!$A:$A)*($A65=数据提取表!$B:$B)),数据提取表!E:E) -> 晴天 | F65: =LOOKUP(1,0/(($D$3=数据提取表!$A:$A)*($A65=数据提取表!$B:$B)),数据提取表!F:F) -> 7.83 | G65: =LOOKUP(1,0/(($D$3=数据提取表!$A:$A)*($A65=数据提取表!$B:$B)),数据提取表!H:H) -> 3.19 | H65: =LOOKUP(1,0/(($D$3=数据提取表!$A:$A)*($A65=数据提取表!$B:$B)),数据提取表!I:I) -> 1.69 | I65: =LOOKUP(1,0/(($D$3=数据提取表!$A:$A)*($A65=数据提取表!$B:$B)),数据提取表!J:J) -> 1.512 | J65: =LOOKUP(1,0/(($D$3=数据提取表!$A:$A)*($A65=数据提取表!$B:$B)),数据提取表!K:K) -> 1.5 | K65: =J65/G65 -> 0.47021944 | L65: =LOOKUP(1,0/(($D$3=数据提取表!$A:$A)*($A65=数据提取表!$B:$B)),数据提取表!M:M) -> 3.528 | M65: =计划电量!O56 -> 57 | N65: =L65-M65/31*日报辅助图!$D$1 -> -0.14941935 | O65: =L65/M65 -> 0.061894737 | P65: =N65/M65 -> -0.0026213922 | Q65: =L65+AG65+AH65 -> 59.472 | R65: =计划电量!H56 -> 174 | S65: =Q65-(计划电量!N56+计划电量!O56/31*日报辅助图!$D$1) -> 5.7945806 | T65: =Q65/R65 -> 0.3417931 | U65: =S65/R65 -> 0.033302188 | V65: {=LOOKUP(1,0/(($D$3=数据提取表!$A:$A)*($A65=数据提取表!$B:$B)),数据提取表!R:R)} -> 184.724 | W65: =计划电量!F56 -> 554 | X65: =V65-(计划电量!G56+计划电量!N56+计划电量!O56/31*日报辅助图!$D$1) -> 21.046581 | Y65: =V65/W65 -> 0.33343682 | Z65: =X65/W65 -> 0.037990218 | AA65: {=LOOKUP(1,0/(($D$3=数据提取表!$A:$A)*($A65=数据提取表!$B:$B)),数据提取表!AC:AC)} -> 0 | AB65: {=LOOKUP(1,0/(($D$3=数据提取表!$A:$A)*($A65=数据提取表!$B:$B)),数据提取表!AD:AD)} -> 0 | AG65: 55.944
B66: BT合计 | D66: =SUM(D62:D65) -> 165.48 | E66: / | F66: / | G66: =SUM(G62:G65) -> 53.7269 | H66: =SUM(H62:H65) -> 25.9378 | I66: =SUM(I62:I65) -> 25.366 | J66: =SUM(J62:J65) -> 27.5901 | K66: =J66/G66 -> 0.51352488 | L66: =SUM(L62:L65) -> 58.7317 | M66: =SUM(M62:M65) -> 973 | N66: =L66-M66/30*日报辅助图!$D$1 -> -6.1349667 | O66: =L66/M66 -> 0.060361459 | P66: =N66/M66 -> -0.0063052073 | Q66: =SUM(Q62:Q65) -> 979.8958 | R66: =SUM(R62:R65) -> 2862 | S66: =SUM(S62:S65) -> 64.121606 | T66: =Q66/R66 -> 0.34238148 | U66: =S66/R66 -> 0.022404475 | V66: =SUM(V62:V65) -> 3110.0403 | W66: =SUM(W62:W65) -> 13993 | X66: =SUM(X62:X65) -> -359.73389 | Y66: =V66/W66 -> 0.22225686 | Z66: =X66/W66 -> -0.025708132 | AA66: =SUM(AA62:AA65) -> 0 | AB66: =SUM(AB62:AB65) -> 0 | AG66: 921.1641
A67: 巴基斯坦100MWp光伏电站 | B67: WB01 | C67: 巴基斯坦电站 | D67: 100 | E67: =LOOKUP(1,0/(($D$3=数据提取表!$A:$A)*($A67=数据提取表!$B:$B)),数据提取表!E:E) -> 晴 | F67: =LOOKUP(1,0/(($D$3=数据提取表!$A:$A)*($A67=数据提取表!$B:$B)),数据提取表!F:F) -> 7.39 | G67: =LOOKUP(1,0/(($D$3=数据提取表!$A:$A)*($A67=数据提取表!$B:$B)),数据提取表!H:H) -> 56.976 | H67: =LOOKUP(1,0/(($D$3=数据提取表!$A:$A)*($A67=数据提取表!$B:$B)),数据提取表!I:I) -> 55.956 | I67: =LOOKUP(1,0/(($D$3=数据提取表!$A:$A)*($A67=数据提取表!$B:$B)),数据提取表!J:J) -> 55.845 | J67: =LOOKUP(1,0/(($D$3=数据提取表!$A:$A)*($A67=数据提取表!$B:$B)),数据提取表!K:K) -> 0 | K67: =J67/G67 -> 0 | L67: =LOOKUP(1,0/(($D$3=数据提取表!$A:$A)*($A67=数据提取表!$B:$B)),数据提取表!M:M) -> 111.516 | M67: =计划电量!O60 -> 1437 | N67: =L67-M67/31*日报辅助图!$D$1 -> 18.806323 | O67: =L67/M67 -> 0.07760334 | P67: =N67/M67 -> 0.013087211 | Q67: =L67+AG67+AH67 -> 1604.2896 | R67: =计划电量!H60 -> 4182 | S67: =Q67-(计划电量!N60+计划电量!O60/31*日报辅助图!$D$1) -> 56.579923 | T67: =Q67/R67 -> 0.38361779 | U67: =S67/R67 -> 0.013529393 | V67: {=LOOKUP(1,0/(($D$3=数据提取表!$A:$A)*($A67=数据提取表!$B:$B)),数据提取表!R:R)} -> 5061.3301 | W67: 15134 | X67: =V67-(计划电量!G60+计划电量!N60+计划电量!O60/31*日报辅助图!$D$1) -> -143.37958 | Y67: =V67/W67 -> 0.33443439 | Z67: =X67/W67 -> -0.0094740041 | AA67: {=LOOKUP(1,0/(($D$3=数据提取表!$A:$A)*($A67=数据提取表!$B:$B)),数据提取表!AC:AC)} -> 0 | AB67: {=LOOKUP(1,0/(($D$3=数据提取表!$A:$A)*($A67=数据提取表!$B:$B)),数据提取表!AD:AD)} -> 0 | AG67: 1492.7736
A68: 绿曦光伏电站 | B68: WB02 | C68: 长治绿曦 | D68: 80 | E68: =LOOKUP(1,0/(($D$3=数据提取表!$A:$A)*($A68=数据提取表!$B:$B)),数据提取表!E:E) -> 晴 | F68: =LOOKUP(1,0/(($D$3=数据提取表!$A:$A)*($A68=数据提取表!$B:$B)),数据提取表!F:F) -> 7.22 | G68: =LOOKUP(1,0/(($D$3=数据提取表!$A:$A)*($A68=数据提取表!$B:$B)),数据提取表!H:H) -> 52.1464 | H68: =LOOKUP(1,0/(($D$3=数据提取表!$A:$A)*($A68=数据提取表!$B:$B)),数据提取表!I:I) -> 51.24 | I68: =LOOKUP(1,0/(($D$3=数据提取表!$A:$A)*($A68=数据提取表!$B:$B)),数据提取表!J:J) -> 51.15 | J68: =LOOKUP(1,0/(($D$3=数据提取表!$A:$A)*($A68=数据提取表!$B:$B)),数据提取表!K:K) -> 0 | K68: =J68/G68 -> 0 | L68: =LOOKUP(1,0/(($D$3=数据提取表!$A:$A)*($A68=数据提取表!$B:$B)),数据提取表!M:M) -> 97.35 | M68: =计划电量!O61 -> 884 | N68: =L68-M68/31*日报辅助图!$D$1 -> 40.317742 | O68: =L68/M68 -> 0.11012443 | P68: =N68/M68 -> 0.045608305 | Q68: =L68+AG68+AH68 -> 1266.65 | R68: =计划电量!H61 -> 2834 | S68: =Q68-(计划电量!N61+计划电量!O61/31*日报辅助图!$D$1) -> 355.61774 | T68: =Q68/R68 -> 0.44694778 | U68: =S68/R68 -> 0.12548262 | V68: {=LOOKUP(1,0/(($D$3=数据提取表!$A:$A)*($A68=数据提取表!$B:$B)),数据提取表!R:R)} -> 4113.45 | W68: 9570 | X68: =V68-(计划电量!G61+计划电量!N61+计划电量!O61/31*日报辅助图!$D$1) -> 1448.4177 | Y68: =V68/W68 -> 0.42982759 | Z68: =X68/W68 -> 0.15134982 | AA68: {=LOOKUP(1,0/(($D$3=数据提取表!$A:$A)*($A68=数据提取表!$B:$B)),数据提取表!AC:AC)} -> 0 | AB68: {=LOOKUP(1,0/(($D$3=数据提取表!$A:$A)*($A68=数据提取表!$B:$B)),数据提取表!AD:AD)} -> 0 | AG68: 1169.3
A69: 佳阳光储电站 | B69: WB03 | C69: 武穴佳阳 | D69: 60 | E69: =LOOKUP(1,0/(($D$3=数据提取表!$A:$A)*($A69=数据提取表!$B:$B)),数据提取表!E:E) -> 多云转晴 | F69: =LOOKUP(1,0/(($D$3=数据提取表!$A:$A)*($A69=数据提取表!$B:$B)),数据提取表!F:F) -> 4.24 | G69: =LOOKUP(1,0/(($D$3=数据提取表!$A:$A)*($A69=数据提取表!$B:$B)),数据提取表!H:H) -> 34.0687 | H69: =LOOKUP(1,0/(($D$3=数据提取表!$A:$A)*($A69=数据提取表!$B:$B)),数据提取表!I:I) -> 33.3585 | I69: =LOOKUP(1,0/(($D$3=数据提取表!$A:$A)*($A69=数据提取表!$B:$B)),数据提取表!J:J) -> 32.56 | J69: =LOOKUP(1,0/(($D$3=数据提取表!$A:$A)*($A69=数据提取表!$B:$B)),数据提取表!K:K) -> 0 | K69: =J69/G69 -> 0 | L69: =LOOKUP(1,0/(($D$3=数据提取表!$A:$A)*($A69=数据提取表!$B:$B)),数据提取表!M:M) -> 66.88 | M69: =计划电量!O62 -> 619 | N69: =L69-M69/31*日报辅助图!$D$1 -> 26.944516 | O69: =L69/M69 -> 0.10804523 | P69: =N69/M69 -> 0.043529105 | Q69: =L69+AG69+AH69 -> 711.04 | R69: =计划电量!H62 -> 1637 | S69: =Q69-(计划电量!N62+计划电量!O62/31*日报辅助图!$D$1) -> 249.10452 | T69: =Q69/R69 -> 0.43435553 | U69: =S69/R69 -> 0.15217136 | V69: {=LOOKUP(1,0/(($D$3=数据提取表!$A:$A)*($A69=数据提取表!$B:$B)),数据提取表!R:R)} -> 1750.32 | W69: =计划电量!F62 -> 5420 | X69: =V69-(计划电量!G62+计划电量!N62+计划电量!O62/31*日报辅助图!$D$1) -> 656.38452 | Y69: =V69/W69 -> 0.32293727 | Z69: =X69/W69 -> 0.12110415 | AA69: {=LOOKUP(1,0/(($D$3=数据提取表!$A:$A)*($A69=数据提取表!$B:$B)),数据提取表!AC:AC)} -> 0 | AB69: {=LOOKUP(1,0/(($D$3=数据提取表!$A:$A)*($A69=数据提取表!$B:$B)),数据提取表!AD:AD)} -> 0 | AG69: 644.16
A70: 110kV火石光储电站光 | B70: WB04 | C70: 佛子山火石光储 | D70: 100 | E70: =LOOKUP(1,0/(($D$3=数据提取表!$A:$A)*($A70=数据提取表!$B:$B)),数据提取表!E:E) -> #N/A | F70: {=LOOKUP(1,0/(($D$3=数据提取表!$A:$A)*($A70=数据提取表!$B:$B)),数据提取表!F:F)} -> #N/A | G70: =LOOKUP(1,0/(($D$3=数据提取表!$A:$A)*($A70=数据提取表!$B:$B)),数据提取表!H:H) -> #N/A | H70: =LOOKUP(1,0/(($D$3=数据提取表!$A:$A)*($A70=数据提取表!$B:$B)),数据提取表!I:I) -> #N/A | I70: =LOOKUP(1,0/(($D$3=数据提取表!$A:$A)*($A70=数据提取表!$B:$B)),数据提取表!J:J) -> #N/A | J70: =LOOKUP(1,0/(($D$3=数据提取表!$A:$A)*($A70=数据提取表!$B:$B)),数据提取表!K:K) -> #N/A | K70: =J70/G70 -> #N/A | L70: =LOOKUP(1,0/(($D$3=数据提取表!$A:$A)*($A70=数据提取表!$B:$B)),数据提取表!M:M) -> #N/A | M70: =计划电量!O63 -> 1210 | N70: =L70-M70/31*日报辅助图!$D$1 -> #N/A | O70: =L70/M70 -> #N/A | P70: =N70/M70 -> #N/A | Q70: =L70+AG70+AH70 -> #N/A | R70: =计划电量!H63 -> 3644 | S70: =Q70-(计划电量!N63+计划电量!O63/31*日报辅助图!$D$1) -> #N/A | T70: =Q70/R70 -> #N/A | U70: =S70/R70 -> #N/A | V70: {=LOOKUP(1,0/(($D$3=数据提取表!$A:$A)*($A70=数据提取表!$B:$B)),数据提取表!R:R)} -> #N/A | W70: 11816 | X70: =V70-(计划电量!G63+计划电量!N63+计划电量!O63/31*日报辅助图!$D$1) -> #N/A | Y70: =V70/W70 -> #N/A | Z70: =X70/W70 -> #N/A | AA70: {=LOOKUP(1,0/(($D$3=数据提取表!$A:$A)*($A70=数据提取表!$B:$B)),数据提取表!AC:AC)} -> #N/A | AB70: {=LOOKUP(1,0/(($D$3=数据提取表!$A:$A)*($A70=数据提取表!$B:$B)),数据提取表!AD:AD)} -> #N/A | AG70: 840.84
A71: 110kV火石光储电站风 | B71: WB05 | C71: 佛子山火石光储风电 | D71: 100 | E71: =LOOKUP(1,0/(($D$3=数据提取表!$A:$A)*($A71=数据提取表!$B:$B)),数据提取表!E:E) -> #N/A | F71: {=LOOKUP(1,0/(($D$3=数据提取表!$A:$A)*($A71=数据提取表!$B:$B)),数据提取表!G:G)} -> #N/A | G71: =LOOKUP(1,0/(($D$3=数据提取表!$A:$A)*($A71=数据提取表!$B:$B)),数据提取表!H:H) -> #N/A | H71: =LOOKUP(1,0/(($D$3=数据提取表!$A:$A)*($A71=数据提取表!$B:$B)),数据提取表!I:I) -> #N/A | I71: =LOOKUP(1,0/(($D$3=数据提取表!$A:$A)*($A71=数据提取表!$B:$B)),数据提取表!J:J) -> #N/A | J71: =LOOKUP(1,0/(($D$3=数据提取表!$A:$A)*($A71=数据提取表!$B:$B)),数据提取表!K:K) -> #N/A | K71: =J71/G71 -> #N/A | L71: =LOOKUP(1,0/(($D$3=数据提取表!$A:$A)*($A71=数据提取表!$B:$B)),数据提取表!M:M) -> #N/A | M71: =计划电量!O64 -> 1600 | N71: =L71-M71/31*日报辅助图!$D$1 -> #N/A | O71: =L71/M71 -> #N/A | P71: =N71/M71 -> #N/A | Q71: =L71+AG71+AH72 -> #N/A | R71: =计划电量!H64 -> 4900 | S71: =Q71-(计划电量!N64+计划电量!O64/31*日报辅助图!$D$1) -> #N/A | T71: =Q71/R71 -> #N/A | U71: =S71/R71 -> #N/A | V71: {=LOOKUP(1,0/(($D$3=数据提取表!$A:$A)*($A71=数据提取表!$B:$B)),数据提取表!R:R)} -> #N/A | W71: =计划电量!F64 -> 20500 | X71: =V71-(计划电量!G64+计划电量!N64+计划电量!O64/31*日报辅助图!$D$1) -> #N/A | Y71: =V71/W71 -> #N/A | Z71: =X71/W71 -> #N/A | AA71: {=LOOKUP(1,0/(($D$3=数据提取表!$A:$A)*($A71=数据提取表!$B:$B)),数据提取表!AC:AC)} -> #N/A | AB71: {=LOOKUP(1,0/(($D$3=数据提取表!$A:$A)*($A71=数据提取表!$B:$B)),数据提取表!AD:AD)} -> #N/A | AG71: 840.84
A72: 220kV鑫能风光储能电站光 | B72: WB06 | C72: 净谭鑫能光伏 | D72: 100 | E72: =LOOKUP(1,0/(($D$3=数据提取表!$A:$A)*($A72=数据提取表!$B:$B)),数据提取表!E:E) -> #N/A | F72: =LOOKUP(1,0/(($D$3=数据提取表!$A:$A)*($A72=数据提取表!$B:$B)),数据提取表!F:F) -> #N/A | G72: =LOOKUP(1,0/(($D$3=数据提取表!$A:$A)*($A72=数据提取表!$B:$B)),数据提取表!H:H) -> #N/A | H72: =LOOKUP(1,0/(($D$3=数据提取表!$A:$A)*($A72=数据提取表!$B:$B)),数据提取表!I:I) -> #N/A | I72: =LOOKUP(1,0/(($D$3=数据提取表!$A:$A)*($A72=数据提取表!$B:$B)),数据提取表!J:J) -> #N/A | J72: =LOOKUP(1,0/(($D$3=数据提取表!$A:$A)*($A72=数据提取表!$B:$B)),数据提取表!K:K) -> #N/A | K72: =J72/G72 -> #N/A | L72: =LOOKUP(1,0/(($D$3=数据提取表!$A:$A)*($A72=数据提取表!$B:$B)),数据提取表!M:M) -> #N/A | M72: =计划电量!O65 -> 1138 | N72: =L72-M72/31*日报辅助图!$D$1 -> #N/A | O72: =L72/M72 -> #N/A | P72: =N72/M72 -> #N/A | Q72: =L72+AG72+AH73 -> #N/A | R72: =计划电量!H65 -> 3461 | S72: =Q72-(计划电量!N65+计划电量!O65/31*日报辅助图!$D$1) -> #N/A | T72: =Q72/R72 -> #N/A | U72: =S72/R72 -> #N/A | V72: {=LOOKUP(1,0/(($D$3=数据提取表!$A:$A)*($A72=数据提取表!$B:$B)),数据提取表!R:R)} -> #N/A | W72: 11430 | X72: =V72-(计划电量!G65+计划电量!N65+计划电量!O65/31*日报辅助图!$D$1) -> #N/A | Y72: =V72/W72 -> #N/A | Z72: =X72/W72 -> #N/A | AA72: {=LOOKUP(1,0/(($D$3=数据提取表!$A:$A)*($A72=数据提取表!$B:$B)),数据提取表!AC:AC)} -> #N/A | AB72: {=LOOKUP(1,0/(($D$3=数据提取表!$A:$A)*($A72=数据提取表!$B:$B)),数据提取表!AD:AD)} -> #N/A | AG72: 2143.0339
A73: 220kV鑫能风光储能电站风 | B73: WB07 | C73: 净谭鑫能风电 | D73: 200 | E73: =LOOKUP(1,0/(($D$3=数据提取表!$A:$A)*($A73=数据提取表!$B:$B)),数据提取表!E:E) -> #N/A | F73: {=LOOKUP(1,0/(($D$3=数据提取表!$A:$A)*($A73=数据提取表!$B:$B)),数据提取表!G:G)} -> #N/A | G73: =LOOKUP(1,0/(($D$3=数据提取表!$A:$A)*($A73=数据提取表!$B:$B)),数据提取表!H:H) -> #N/A | H73: =LOOKUP(1,0/(($D$3=数据提取表!$A:$A)*($A73=数据提取表!$B:$B)),数据提取表!I:I) -> #N/A | I73: =LOOKUP(1,0/(($D$3=数据提取表!$A:$A)*($A73=数据提取表!$B:$B)),数据提取表!J:J) -> #N/A | J73: =LOOKUP(1,0/(($D$3=数据提取表!$A:$A)*($A73=数据提取表!$B:$B)),数据提取表!K:K) -> #N/A | K73: =J73/G73 -> #N/A | L73: =LOOKUP(1,0/(($D$3=数据提取表!$A:$A)*($A73=数据提取表!$B:$B)),数据提取表!M:M) -> #N/A | M73: =计划电量!O66 -> 3232 | N73: =L73-M73/31*日报辅助图!$D$1 -> #N/A | O73: =L73/M73 -> #N/A | P73: =N73/M73 -> #N/A | Q73: =L73+AG73+AH74 -> #N/A | R73: =计划电量!H66 -> 8470 | S73: =Q73-(计划电量!N66+计划电量!O66/31*日报辅助图!$D$1) -> #N/A | T73: =Q73/R73 -> #N/A | U73: =S73/R73 -> #N/A | V73: {=LOOKUP(1,0/(($D$3=数据提取表!$A:$A)*($A73=数据提取表!$B:$B)),数据提取表!R:R)} -> #N/A | W73: 25666 | X73: =V73-(计划电量!G66+计划电量!N66+计划电量!O66/31*日报辅助图!$D$1) -> #N/A | Y73: =V73/W73 -> #N/A | Z73: =X73/W73 -> #N/A | AA73: {=LOOKUP(1,0/(($D$3=数据提取表!$A:$A)*($A73=数据提取表!$B:$B)),数据提取表!AC:AC)} -> #N/A | AB73: {=LOOKUP(1,0/(($D$3=数据提取表!$A:$A)*($A73=数据提取表!$B:$B)),数据提取表!AD:AD)} -> #N/A | AG73: 2143.0339
A74: 110kV安锐光伏电站 | B74: WB08 | C74: 潜江安锐 | D74: 100 | E74: =LOOKUP(1,0/(($D$3=数据提取表!$A:$A)*($A74=数据提取表!$B:$B)),数据提取表!E:E) -> #N/A | F74: =LOOKUP(1,0/(($D$3=数据提取表!$A:$A)*($A74=数据提取表!$B:$B)),数据提取表!F:F) -> #N/A | G74: =LOOKUP(1,0/(($D$3=数据提取表!$A:$A)*($A74=数据提取表!$B:$B)),数据提取表!H:H) -> #N/A | H74: =LOOKUP(1,0/(($D$3=数据提取表!$A:$A)*($A74=数据提取表!$B:$B)),数据提取表!I:I) -> #N/A | I74: =LOOKUP(1,0/(($D$3=数据提取表!$A:$A)*($A74=数据提取表!$B:$B)),数据提取表!J:J) -> #N/A | J74: =LOOKUP(1,0/(($D$3=数据提取表!$A:$A)*($A74=数据提取表!$B:$B)),数据提取表!K:K) -> #N/A | K74: =J74/G74 -> #N/A | L74: =LOOKUP(1,0/(($D$3=数据提取表!$A:$A)*($A74=数据提取表!$B:$B)),数据提取表!M:M) -> #N/A | M74: =计划电量!O67 -> 1155 | N74: =L74-M74/31*日报辅助图!$D$1 -> #N/A | O74: =L74/M74 -> #N/A | P74: =N74/M74 -> #N/A | Q74: =L74+AG74+AH75 -> #N/A | R74: =计划电量!H67 -> 3511 | S74: =Q74-(计划电量!N67+计划电量!O67/31*日报辅助图!$D$1) -> #N/A | T74: =Q74/R74 -> #N/A | U74: =S74/R74 -> #N/A | V74: {=LOOKUP(1,0/(($D$3=数据提取表!$A:$A)*($A74=数据提取表!$B:$B)),数据提取表!R:R)} -> #N/A | W74: 11388 | X74: =V74-(计划电量!G67+计划电量!N67+计划电量!O67/31*日报辅助图!$D$1) -> #N/A | Y74: =V74/W74 -> #N/A | Z74: =X74/W74 -> #N/A | AA74: {=LOOKUP(1,0/(($D$3=数据提取表!$A:$A)*($A74=数据提取表!$B:$B)),数据提取表!AC:AC)} -> #N/A | AB74: {=LOOKUP(1,0/(($D$3=数据提取表!$A:$A)*($A74=数据提取表!$B:$B)),数据提取表!AD:AD)} -> #N/A | AG74: 810.48
A75: 110kV晟鑫光伏电站 | B75: WB09 | C75: 公安晟鑫 | D75: 150 | E75: =LOOKUP(1,0/(($D$3=数据提取表!$A:$A)*($A75=数据提取表!$B:$B)),数据提取表!E:E) -> #N/A | F75: =LOOKUP(1,0/(($D$3=数据提取表!$A:$A)*($A75=数据提取表!$B:$B)),数据提取表!F:F) -> #N/A | G75: =LOOKUP(1,0/(($D$3=数据提取表!$A:$A)*($A75=数据提取表!$B:$B)),数据提取表!H:H) -> #N/A | H75: =LOOKUP(1,0/(($D$3=数据提取表!$A:$A)*($A75=数据提取表!$B:$B)),数据提取表!I:I) -> #N/A | I75: =LOOKUP(1,0/(($D$3=数据提取表!$A:$A)*($A75=数据提取表!$B:$B)),数据提取表!J:J) -> #N/A | J75: =LOOKUP(1,0/(($D$3=数据提取表!$A:$A)*($A75=数据提取表!$B:$B)),数据提取表!K:K) -> #N/A | K75: =J75/G75 -> #N/A | L75: =LOOKUP(1,0/(($D$3=数据提取表!$A:$A)*($A75=数据提取表!$B:$B)),数据提取表!M:M) -> #N/A | M75: =计划电量!O68 -> 2160 | N75: =L75-M75/31*日报辅助图!$D$1 -> #N/A | O75: =L75/M75 -> #N/A | P75: =N75/M75 -> #N/A | Q75: =L75+AG75+AH76 -> #N/A | R75: =计划电量!H68 -> 6031 | S75: =Q75-(计划电量!N68+计划电量!O68/31*日报辅助图!$D$1) -> #N/A | T75: =Q75/R75 -> #N/A | U75: =S75/R75 -> #N/A | V75: {=LOOKUP(1,0/(($D$3=数据提取表!$A:$A)*($A75=数据提取表!$B:$B)),数据提取表!R:R)} -> #N/A | W75: 21210 | X75: =V75-(计划电量!G68+计划电量!N68+计划电量!O68/31*日报辅助图!$D$1) -> #N/A | Y75: =V75/W75 -> #N/A | Z75: =X75/W75 -> #N/A | AA75: {=LOOKUP(1,0/(($D$3=数据提取表!$A:$A)*($A75=数据提取表!$B:$B)),数据提取表!AC:AC)} -> #N/A | AB75: {=LOOKUP(1,0/(($D$3=数据提取表!$A:$A)*($A75=数据提取表!$B:$B)),数据提取表!AD:AD)} -> #N/A | AG75: 1433.311
A76: 110kV永福光伏电站 | B76: WB10 | C76: 石首永福 | D76: 100 | E76: =LOOKUP(1,0/(($D$3=数据提取表!$A:$A)*($A76=数据提取表!$B:$B)),数据提取表!E:E) -> #N/A | F76: =LOOKUP(1,0/(($D$3=数据提取表!$A:$A)*($A76=数据提取表!$B:$B)),数据提取表!F:F) -> #N/A | G76: =LOOKUP(1,0/(($D$3=数据提取表!$A:$A)*($A76=数据提取表!$B:$B)),数据提取表!H:H) -> #N/A | H76: =LOOKUP(1,0/(($D$3=数据提取表!$A:$A)*($A76=数据提取表!$B:$B)),数据提取表!I:I) -> #N/A | I76: =LOOKUP(1,0/(($D$3=数据提取表!$A:$A)*($A76=数据提取表!$B:$B)),数据提取表!J:J) -> #N/A | J76: =LOOKUP(1,0/(($D$3=数据提取表!$A:$A)*($A76=数据提取表!$B:$B)),数据提取表!K:K) -> #N/A | K76: =J76/G76 -> #N/A | L76: =LOOKUP(1,0/(($D$3=数据提取表!$A:$A)*($A76=数据提取表!$B:$B)),数据提取表!M:M) -> #N/A | M76: =计划电量!O69 -> 1084 | N76: =L76-M76/31*日报辅助图!$D$1 -> #N/A | O76: =L76/M76 -> #N/A | P76: =N76/M76 -> #N/A | Q76: =L76+AG76+AH77 -> #N/A | R76: =计划电量!H69 -> 3169 | S76: =Q76-(计划电量!N69+计划电量!O69/31*日报辅助图!$D$1) -> #N/A | T76: =Q76/R76 -> #N/A | U76: =S76/R76 -> #N/A | V76: {=LOOKUP(1,0/(($D$3=数据提取表!$A:$A)*($A76=数据提取表!$B:$B)),数据提取表!R:R)} -> #N/A | W76: 11210 | X76: =V76-(计划电量!G69+计划电量!N69+计划电量!O69/31*日报辅助图!$D$1) -> #N/A | Y76: =V76/W76 -> #N/A | Z76: =X76/W76 -> #N/A | AA76: {=LOOKUP(1,0/(($D$3=数据提取表!$A:$A)*($A76=数据提取表!$B:$B)),数据提取表!AC:AC)} -> #N/A | AB76: {=LOOKUP(1,0/(($D$3=数据提取表!$A:$A)*($A76=数据提取表!$B:$B)),数据提取表!AD:AD)} -> #N/A | AG76: 993.564
B77: EPC合计 | D77: =SUM(D67:D76) -> 1090 | E77: / | F77: / | G77: =SUM(G67:G69) -> 143.1911 | H77: =SUM(H67:H69) -> 140.5545 | I77: =SUM(I67:I69) -> 139.555 | J77: =SUM(J67:J69) -> 0 | K77: =J77/G77 -> 0 | L77: =SUM(L67:L69) -> 275.746 | M77: =SUM(M67:M69) -> 2940 | N77: =SUM(N67:N69) -> 86.068581 | O77: =L77/M77 -> 0.093791156 | P77: =N77/M77 -> 0.029275027 | Q77: =SUM(Q67:Q69) -> 3581.9796 | R77: =SUM(R67:R69) -> 8653 | S77: =SUM(S67:S69) -> 661.30218 | T77: =Q77/R77 -> 0.41395812 | U77: =S77/R77 -> 0.076424614 | V77: =SUM(V67:V69) -> 10925.1 | W77: =SUM(W67:W69) -> 30124 | X77: =SUM(X67:X69) -> 1961.4227 | Y77: =V77/W77 -> 0.36267096 | Z77: =X77/W77 -> 0.065111628 | AA77: =SUM(AA67:AA69) -> 0 | AB77: =SUM(AB67:AB69) -> 0

Sheet 自由分析表
B1: 起始日期 | D1: 45413 | G1: 结束日期 | H1: 45414 | J1: =H1-D1+1 -> 2 | K1: 天 | L1: 4月 | M1: 30 | N1: 起始月份 | O1: =MONTH(D1) -> 5 | P1: 结束月份 | Q1: =MONTH(H1) -> 5 | R1: 月数 | S1: =Q1-O1+1 -> 1
B2: 序号 | C2: 电站名称 | D2: 计划并网容量（MW） | E2: =O1&"至"&Q1&"月计划电量" -> 5至5月计划电量 | F2: 辐照量（kWh/m2）/风速（m/s） | G2: 理论发电量（万kWh） | H2: 实际发电量（万kWh） | I2: 上网电量（万kWh） | J2: 年度计划电量 | K2: =O1&"至"&Q1&"月电量完成率" -> 5至5月电量完成率 | L2: 年度电量完成率 | M2: 与计划偏差电量 | N2: 限电量（万kWh） | O2: 限电率（%） | P2: 检修损失（机组检修+输变电检修） | Q2: 故障损失电量（机组故障+输变电故障） | R2: 发电设备检修损失 | S2: 发电设备故障损失 | T2: 输变电故障损失电量（万kWh | U2: 输变电检修损失电量（万kWh） | V2: 受累损失 | W2: 电网故障损失电量（万kWh） | X2: 自然灾害损失电量（万kWh） | Y2: 其他受累损失电量（万kWh） | Z2: 工程期损失电量（万kWh） | AA2: 设备可利用率（日%） | AB2: 故障损失率 | AC2: 24年故障损失率基线值 | AD2: 检修损失率 | AE2: 24年检修损失率基线值 | AF2: 非限电损失率
A3: 特新光伏电站 | B3: BO01 | C3: 阳泉特新 | D3: 100 | E3: {=SUMPRODUCT((计划电量!$K$2:$V$2>=自由分析表!$O$1)*(计划电量!$K$2:$V$2<=自由分析表!$Q$1)*计划电量!K3:V3)} -> 1501 | F3: =SUMIFS(数据提取表!F:F,数据提取表!$B:$B,$A3,数据提取表!$A:$A,">="&$D$1,数据提取表!$A:$A,"<="&$H$1) -> 12.35 | G3: =SUMIFS(数据提取表!H:H,数据提取表!$B:$B,$A3,数据提取表!$A:$A,">="&$D$1,数据提取表!$A:$A,"<="&$H$1) -> 119.1294 | H3: =SUMIFS(数据提取表!I:I,数据提取表!$B:$B,$A3,数据提取表!$A:$A,">="&$D$1,数据提取表!$A:$A,"<="&$H$1) -> 117.9499 | I3: =SUMIFS(数据提取表!J:J,数据提取表!$B:$B,$A3,数据提取表!$A:$A,">="&$D$1,数据提取表!$A:$A,"<="&$H$1) -> 117.6 | J3: =计划电量!F3 -> 14972.4 | K3: =I3/E3 -> 0.078347768 | L3: =I3/J3 -> 0.0078544522 | M3: =I3-E3 -> -1383.4 | N3: =SUMIFS(数据提取表!K:K,数据提取表!$B:$B,$A3,数据提取表!$A:$A,">="&$D$1,数据提取表!$A:$A,"<="&$H$1) -> 0 | O3: =N3/G3 -> 0 | P3: =R3+U3 -> 0 | Q3: =S3+T3 -> 0.004 | R3: =SUMIFS(数据提取表!U:U,数据提取表!$B:$B,$A3,数据提取表!$A:$A,">="&$D$1,数据提取表!$A:$A,"<="&$H$1) -> 0 | S3: =SUMIFS(数据提取表!T:T,数据提取表!$B:$B,$A3,数据提取表!$A:$A,">="&$D$1,数据提取表!$A:$A,"<="&$H$1) -> 0.004 | T3: =SUMIFS(数据提取表!V:V,数据提取表!$B:$B,$A3,数据提取表!$A:$A,">="&$D$1,数据提取表!$A:$A,"<="&$H$1) -> 0 | U3: =SUMIFS(数据提取表!W:W,数据提取表!$B:$B,$A3,数据提取表!$A:$A,">="&$D$1,数据提取表!$A:$A,"<="&$H$1) -> 0 | V3: =W3+X3+Y3 -> 0 | W3: =SUMIFS(数据提取表!X:X,数据提取表!$B:$B,$A3,数据提取表!$A:$A,">="&$D$1,数据提取表!$A:$A,"<="&$H$1) -> 0 | X3: =SUMIFS(数据提取表!Y:Y,数据提取表!$B:$B,$A3,数据提取表!$A:$A,">="&$D$1,数据提取表!$A:$A,"<="&$H$1) -> 0 | Y3: =SUMIFS(数据提取表!Z:Z,数据提取表!$B:$B,$A3,数据提取表!$A:$A,">="&$D$1,数据提取表!$A:$A,"<="&$H$1) -> 0 | Z3: =SUMIFS(数据提取表!AA:AA,数据提取表!$B:$B,$A3,数据提取表!$A:$A,">="&$D$1,数据提取表!$A:$A,"<="&$H$1) -> 0 | AA3: =SUMIFS(数据提取表!AB:AB,数据提取表!$B:$B,$A3,数据提取表!$A:$A,">="&$D$1,数据提取表!$A:$A,"<="&$H$1)/$J$1 -> 1 | AB3: =Q3/(Q3+P3+H3) -> 3.3911554e-05 | AC3: 0.0037 | AD3: =P3/(P3+Q3+H3) -> 0 | AE3: 0.012120748 | AF3: =(P3+Q3+V3)/(G3-N3) -> 3.3576934e-05 | AG3: =P3+Q3+V3 -> 0.004 | AH3: 0 | AK3: 311
A4: 110kV晖源光伏电站 | B4: BO02 | C4: 芮城晖源 | D4: 50 | E4: {=SUMPRODUCT((计划电量!$K$2:$V$2>=自由分析表!$O$1)*(计划电量!$K$2:$V$2<=自由分析表!$Q$1)*计划电量!K4:V4)} -> 601 | F4: =SUMIFS(数据提取表!F:F,数据提取表!$B:$B,$A4,数据提取表!$A:$A,">="&$D$1,数据提取表!$A:$A,"<="&$H$1) -> 15.3 | G4: =SUMIFS(数据提取表!H:H,数据提取表!$B:$B,$A4,数据提取表!$A:$A,">="&$D$1,数据提取表!$A:$A,"<="&$H$1) -> 65.1954 | H4: =SUMIFS(数据提取表!I:I,数据提取表!$B:$B,$A4,数据提取表!$A:$A,">="&$D$1,数据提取表!$A:$A,"<="&$H$1) -> 63.546 | I4: =SUMIFS(数据提取表!J:J,数据提取表!$B:$B,$A4,数据提取表!$A:$A,">="&$D$1,数据提取表!$A:$A,"<="&$H$1) -> 63.36 | J4: =计划电量!F4 -> 7203 | K4: =I4/E4 -> 0.10542429 | L4: =I4/J4 -> 0.0087963349 | M4: =I4-E4 -> -537.64 | N4: =SUMIFS(数据提取表!K:K,数据提取表!$B:$B,$A4,数据提取表!$A:$A,">="&$D$1,数据提取表!$A:$A,"<="&$H$1) -> 0.5354 | O4: =N4/G4 -> 0.0082122358 | P4: =R4+U4 -> 0 | Q4: =S4+T4 -> 0 | R4: =SUMIFS(数据提取表!U:U,数据提取表!$B:$B,$A4,数据提取表!$A:$A,">="&$D$1,数据提取表!$A:$A,"<="&$H$1) -> 0 | S4: =SUMIFS(数据提取表!T:T,数据提取表!$B:$B,$A4,数据提取表!$A:$A,">="&$D$1,数据提取表!$A:$A,"<="&$H$1) -> 0 | T4: =SUMIFS(数据提取表!V:V,数据提取表!$B:$B,$A4,数据提取表!$A:$A,">="&$D$1,数据提取表!$A:$A,"<="&$H$1) -> 0 | U4: =SUMIFS(数据提取表!W:W,数据提取表!$B:$B,$A4,数据提取表!$A:$A,">="&$D$1,数据提取表!$A:$A,"<="&$H$1) -> 0 | V4: =W4+X4+Y4 -> 0 | W4: =SUMIFS(数据提取表!X:X,数据提取表!$B:$B,$A4,数据提取表!$A:$A,">="&$D$1,数据提取表!$A:$A,"<="&$H$1) -> 0 | X4: =SUMIFS(数据提取表!Y:Y,数据提取表!$B:$B,$A4,数据提取表!$A:$A,">="&$D$1,数据提取表!$A:$A,"<="&$H$1) -> 0 | Y4: =SUMIFS(数据提取表!Z:Z,数据提取表!$B:$B,$A4,数据提取表!$A:$A,">="&$D$1,数据提取表!$A:$A,"<="&$H$1) -> 0 | Z4: =SUMIFS(数据提取表!AA:AA,数据提取表!$B:$B,$A4,数据提取表!$A:$A,">="&$D$1,数据提取表!$A:$A,"<="&$H$1) -> 0 | AA4: =SUMIFS(数据提取表!AB:AB,数据提取表!$B:$B,$A4,数据提取表!$A:$A,">="&$D$1,数据提取表!$A:$A,"<="&$H$1)/$J$1 -> 1 | AB4: =Q4/(Q4+P4+H4) -> 0 | AC4: 0.0016 | AD4: =P4/(P4+Q4+H4) -> 0 | AE4: 0.012164178 | AF4: =(P4+Q4+V4)/(G4-N4) -> 0 | AG4: =P4+Q4+V4 -> 0 | AH4: 0.014 | AK4: 0.016
A5: 四槐光华光伏电站 | B5: BO03 | C5: 新泰四槐 | D5: 50 | E5: {=SUMPRODUCT((计划电量!$K$2:$V$2>=自由分析表!$O$1)*(计划电量!$K$2:$V$2<=自由分析表!$Q$1)*计划电量!K5:V5)} -> 656 | F5: =SUMIFS(数据提取表!F:F,数据提取表!$B:$B,$A5,数据提取表!$A:$A,">="&$D$1,数据提取表!$A:$A,"<="&$H$1) -> 14.57 | G5: =SUMIFS(数据提取表!H:H,数据提取表!$B:$B,$A5,数据提取表!$A:$A,">="&$D$1,数据提取表!$A:$A,"<="&$H$1) -> 62.1781 | H5: =SUMIFS(数据提取表!I:I,数据提取表!$B:$B,$A5,数据提取表!$A:$A,">="&$D$1,数据提取表!$A:$A,"<="&$H$1) -> 30.835 | I5: =SUMIFS(数据提取表!J:J,数据提取表!$B:$B,$A5,数据提取表!$A:$A,">="&$D$1,数据提取表!$A:$A,"<="&$H$1) -> 30.66 | J5: =计划电量!F5 -> 6762 | K5: =I5/E5 -> 0.046737805 | L5: =I5/J5 -> 0.0045341615 | M5: =I5-E5 -> -625.34 | N5: =SUMIFS(数据提取表!K:K,数据提取表!$B:$B,$A5,数据提取表!$A:$A,">="&$D$1,数据提取表!$A:$A,"<="&$H$1) -> 31.3431 | O5: =N5/G5 -> 0.50408584 | P5: =R5+U5 -> 0 | Q5: =S5+T5 -> 0 | R5: =SUMIFS(数据提取表!U:U,数据提取表!$B:$B,$A5,数据提取表!$A:$A,">="&$D$1,数据提取表!$A:$A,"<="&$H$1) -> 0 | S5: =SUMIFS(数据提取表!T:T,数据提取表!$B:$B,$A5,数据提取表!$A:$A,">="&$D$1,数据提取表!$A:$A,"<="&$H$1) -> 0 | T5: =SUMIFS(数据提取表!V:V,数据提取表!$B:$B,$A5,数据提取表!$A:$A,">="&$D$1,数据提取表!$A:$A,"<="&$H$1) -> 0 | U5: =SUMIFS(数据提取表!W:W,数据提取表!$B:$B,$A5,数据提取表!$A:$A,">="&$D$1,数据提取表!$A:$A,"<="&$H$1) -> 0 | V5: =W5+X5+Y5 -> 0 | W5: =SUMIFS(数据提取表!X:X,数据提取表!$B:$B,$A5,数据提取表!$A:$A,">="&$D$1,数据提取表!$A:$A,"<="&$H$1) -> 0 | X5: =SUMIFS(数据提取表!Y:Y,数据提取表!$B:$B,$A5,数据提取表!$A:$A,">="&$D$1,数据提取表!$A:$A,"<="&$H$1) -> 0 | Y5: =SUMIFS(数据提取表!Z:Z,数据提取表!$B:$B,$A5,数据提取表!$A:$A,">="&$D$1,数据提取表!$A:$A,"<="&$H$1) -> 0 | Z5: =SUMIFS(数据提取表!AA:AA,数据提取表!$B:$B,$A5,数据提取表!$A:$A,">="&$D$1,数据提取表!$A:$A,"<="&$H$1) -> 0 | AA5: =SUMIFS(数据提取表!AB:AB,数据提取表!$B:$B,$A5,数据提取表!$A:$A,">="&$D$1,数据提取表!$A:$A,"<="&$H$1)/$J$1 -> 1 | AB5: =Q5/(Q5+P5+H5) -> 0 | AC5: 0.0034301651 | AD5: =P5/(P5+Q5+H5) -> 0 | AE5: 0.0003 | AF5: =(P5+Q5+V5)/(G5-N5) -> 0 | AG5: =P5+Q5+V5 -> 0 | AH5: 0 | AK5: 54.875
A6: 华风风电场 | B6: BO04 | C6: 崇仁华风 | D6: 50 | E6: {=SUMPRODUCT((计划电量!$K$2:$V$2>=自由分析表!$O$1)*(计划电量!$K$2:$V$2<=自由分析表!$Q$1)*计划电量!K6:V6)} -> 1188 | F6: =SUMIFS(数据提取表!G:G,数据提取表!$B:$B,$A6,数据提取表!$A:$A,">="&$D$1,数据提取表!$A:$A,"<="&$H$1)/$J$1 -> 3.42 | G6: =SUMIFS(数据提取表!H:H,数据提取表!$B:$B,$A6,数据提取表!$A:$A,">="&$D$1,数据提取表!$A:$A,"<="&$H$1) -> 23.6737 | H6: =SUMIFS(数据提取表!I:I,数据提取表!$B:$B,$A6,数据提取表!$A:$A,">="&$D$1,数据提取表!$A:$A,"<="&$H$1) -> 23.1263 | I6: =SUMIFS(数据提取表!J:J,数据提取表!$B:$B,$A6,数据提取表!$A:$A,">="&$D$1,数据提取表!$A:$A,"<="&$H$1) -> 22.44 | J6: =计划电量!F6 -> 12700 | K6: =I6/E6 -> 0.018888889 | L6: =I6/J6 -> 0.0017669291 | M6: =I6-E6 -> -1165.56 | N6: =SUMIFS(数据提取表!K:K,数据提取表!$B:$B,$A6,数据提取表!$A:$A,">="&$D$1,数据提取表!$A:$A,"<="&$H$1) -> 0 | O6: =N6/G6 -> 0 | P6: =R6+U6 -> 0 | Q6: =S6+T6 -> 0 | R6: =SUMIFS(数据提取表!U:U,数据提取表!$B:$B,$A6,数据提取表!$A:$A,">="&$D$1,数据提取表!$A:$A,"<="&$H$1) -> 0 | S6: =SUMIFS(数据提取表!T:T,数据提取表!$B:$B,$A6,数据提取表!$A:$A,">="&$D$1,数据提取表!$A:$A,"<="&$H$1) -> 0 | T6: =SUMIFS(数据提取表!V:V,数据提取表!$B:$B,$A6,数据提取表!$A:$A,">="&$D$1,数据提取表!$A:$A,"<="&$H$1) -> 0 | U6: =SUMIFS(数据提取表!W:W,数据提取表!$B:$B,$A6,数据提取表!$A:$A,">="&$D$1,数据提取表!$A:$A,"<="&$H$1) -> 0 | V6: =W6+X6+Y6 -> 0 | W6: =SUMIFS(数据提取表!X:X,数据提取表!$B:$B,$A6,数据提取表!$A:$A,">="&$D$1,数据提取表!$A:$A,"<="&$H$1) -> 0 | X6: =SUMIFS(数据提取表!Y:Y,数据提取表!$B:$B,$A6,数据提取表!$A:$A,">="&$D$1,数据提取表!$A:$A,"<="&$H$1) -> 0 | Y6: =SUMIFS(数据提取表!Z:Z,数据提取表!$B:$B,$A6,数据提取表!$A:$A,">="&$D$1,数据提取表!$A:$A,"<="&$H$1) -> 0 | Z6: =SUMIFS(数据提取表!AA:AA,数据提取表!$B:$B,$A6,数据提取表!$A:$A,">="&$D$1,数据提取表!$A:$A,"<="&$H$1) -> 0 | AA6: =SUMIFS(数据提取表!AB:AB,数据提取表!$B:$B,$A6,数据提取表!$A:$A,">="&$D$1,数据提取表!$A:$A,"<="&$H$1)/$J$1 -> 1 | AB6: =Q6/(Q6+P6+H6) -> 0 | AC6: 0.0034567387 | AD6: =P6/(P6+Q6+H6) -> 0 | AE6: 0.011162085 | AF6: =(P6+Q6+V6)/(G6-N6) -> 0 | AG6: =P6+Q6+V6 -> 0 | AH6: 1.87 | AK6: 294.0177
A7: 浩屯浩风风电场 | B7: BO05 | C7: 王浩屯浩风 | D7: 50 | E7: {=SUMPRODUCT((计划电量!$K$2:$V$2>=自由分析表!$O$1)*(计划电量!$K$2:$V$2<=自由分析表!$Q$1)*计划电量!K7:V7)} -> 1202 | F7: =SUMIFS(数据提取表!G:G,数据提取表!$B:$B,$A7,数据提取表!$A:$A,">="&$D$1,数据提取表!$A:$A,"<="&$H$1)/$J$1 -> 4.705 | G7: =SUMIFS(数据提取表!H:H,数据提取表!$B:$B,$A7,数据提取表!$A:$A,">="&$D$1,数据提取表!$A:$A,"<="&$H$1) -> 37.725 | H7: =SUMIFS(数据提取表!I:I,数据提取表!$B:$B,$A7,数据提取表!$A:$A,">="&$D$1,数据提取表!$A:$A,"<="&$H$1) -> 33.9957 | I7: =SUMIFS(数据提取表!J:J,数据提取表!$B:$B,$A7,数据提取表!$A:$A,">="&$D$1,数据提取表!$A:$A,"<="&$H$1) -> 31.71 | J7: =计划电量!F7 -> 12070 | K7: =I7/E7 -> 0.026381032 | L7: =I7/J7 -> 0.0026271748 | M7: =I7-E7 -> -1170.29 | N7: =SUMIFS(数据提取表!K:K,数据提取表!$B:$B,$A7,数据提取表!$A:$A,">="&$D$1,数据提取表!$A:$A,"<="&$H$1) -> 2.55 | O7: =N7/G7 -> 0.067594433 | P7: =R7+U7 -> 0 | Q7: =S7+T7 -> 0 | R7: =SUMIFS(数据提取表!U:U,数据提取表!$B:$B,$A7,数据提取表!$A:$A,">="&$D$1,数据提取表!$A:$A,"<="&$H$1) -> 0 | S7: =SUMIFS(数据提取表!T:T,数据提取表!$B:$B,$A7,数据提取表!$A:$A,">="&$D$1,数据提取表!$A:$A,"<="&$H$1) -> 0 | T7: =SUMIFS(数据提取表!V:V,数据提取表!$B:$B,$A7,数据提取表!$A:$A,">="&$D$1,数据提取表!$A:$A,"<="&$H$1) -> 0 | U7: =SUMIFS(数据提取表!W:W,数据提取表!$B:$B,$A7,数据提取表!$A:$A,">="&$D$1,数据提取表!$A:$A,"<="&$H$1) -> 0 | V7: =W7+X7+Y7 -> 0 | W7: =SUMIFS(数据提取表!X:X,数据提取表!$B:$B,$A7,数据提取表!$A:$A,">="&$D$1,数据提取表!$A:$A,"<="&$H$1) -> 0 | X7: =SUMIFS(数据提取表!Y:Y,数据提取表!$B:$B,$A7,数据提取表!$A:$A,">="&$D$1,数据提取表!$A:$A,"<="&$H$1) -> 0 | Y7: =SUMIFS(数据提取表!Z:Z,数据提取表!$B:$B,$A7,数据提取表!$A:$A,">="&$D$1,数据提取表!$A:$A,"<="&$H$1) -> 0 | Z7: =SUMIFS(数据提取表!AA:AA,数据提取表!$B:$B,$A7,数据提取表!$A:$A,">="&$D$1,数据提取表!$A:$A,"<="&$H$1) -> 0 | AA7: =SUMIFS(数据提取表!AB:AB,数据提取表!$B:$B,$A7,数据提取表!$A:$A,">="&$D$1,数据提取表!$A:$A,"<="&$H$1)/$J$1 -> 1 | AB7: =Q7/(Q7+P7+H7) -> 0 | AC7: 0.0015267764 | AD7: =P7/(P7+Q7+H7) -> 0 | AE7: 0.0040913862 | AF7: =(P7+Q7+V7)/(G7-N7) -> 0 | AG7: =P7+Q7+V7 -> 0 | AH7: 0.11 | AK7: 3.85
A8: 干龙潭光伏电站 | B8: BO06 | C8: 云县干龙潭 | D8: 30 | E8: {=SUMPRODUCT((计划电量!$K$2:$V$2>=自由分析表!$O$1)*(计划电量!$K$2:$V$2<=自由分析表!$Q$1)*计划电量!K8:V8)} -> 275 | F8: =SUMIFS(数据提取表!F:F,数据提取表!$B:$B,$A8,数据提取表!$A:$A,">="&$D$1,数据提取表!$A:$A,"<="&$H$1) -> 7.38 | G8: =SUMIFS(数据提取表!H:H,数据提取表!$B:$B,$A8,数据提取表!$A:$A,">="&$D$1,数据提取表!$A:$A,"<="&$H$1) -> 17.6889 | H8: =SUMIFS(数据提取表!I:I,数据提取表!$B:$B,$A8,数据提取表!$A:$A,">="&$D$1,数据提取表!$A:$A,"<="&$H$1) -> 17.2759 | I8: =SUMIFS(数据提取表!J:J,数据提取表!$B:$B,$A8,数据提取表!$A:$A,">="&$D$1,数据提取表!$A:$A,"<="&$H$1) -> 17.2346 | J8: =计划电量!F8 -> 3672 | K8: =I8/E8 -> 0.062671273 | L8: =I8/J8 -> 0.0046935185 | M8: =I8-E8 -> -257.7654 | N8: =SUMIFS(数据提取表!K:K,数据提取表!$B:$B,$A8,数据提取表!$A:$A,">="&$D$1,数据提取表!$A:$A,"<="&$H$1) -> 0 | O8: =N8/G8 -> 0 | P8: =R8+U8 -> 0 | Q8: =S8+T8 -> 0 | R8: =SUMIFS(数据提取表!U:U,数据提取表!$B:$B,$A8,数据提取表!$A:$A,">="&$D$1,数据提取表!$A:$A,"<="&$H$1) -> 0 | S8: =SUMIFS(数据提取表!T:T,数据提取表!$B:$B,$A8,数据提取表!$A:$A,">="&$D$1,数据提取表!$A:$A,"<="&$H$1) -> 0 | T8: =SUMIFS(数据提取表!V:V,数据提取表!$B:$B,$A8,数据提取表!$A:$A,">="&$D$1,数据提取表!$A:$A,"<="&$H$1) -> 0 | U8: =SUMIFS(数据提取表!W:W,数据提取表!$B:$B,$A8,数据提取表!$A:$A,">="&$D$1,数据提取表!$A:$A,"<="&$H$1) -> 0 | V8: =W8+X8+Y8 -> 0 | W8: =SUMIFS(数据提取表!X:X,数据提取表!$B:$B,$A8,数据提取表!$A:$A,">="&$D$1,数据提取表!$A:$A,"<="&$H$1) -> 0 | X8: =SUMIFS(数据提取表!Y:Y,数据提取表!$B:$B,$A8,数据提取表!$A:$A,">="&$D$1,数据提取表!$A:$A,"<="&$H$1) -> 0 | Y8: =SUMIFS(数据提取表!Z:Z,数据提取表!$B:$B,$A8,数据提取表!$A:$A,">="&$D$1,数据提取表!$A:$A,"<="&$H$1) -> 0 | Z8: =SUMIFS(数据提取表!AA:AA,数据提取表!$B:$B,$A8,数据提取表!$A:$A,">="&$D$1,数据提取表!$A:$A,"<="&$H$1) -> 0 | AA8: =SUMIFS(数据提取表!AB:AB,数据提取表!$B:$B,$A8,数据提取表!$A:$A,">="&$D$1,数据提取表!$A:$A,"<="&$H$1)/$J$1 -> 1 | AB8: =Q8/(Q8+P8+H8) -> 0 | AC8: 0.0037670255 | AD8: =P8/(P8+Q8+H8) -> 0 | AE8: 0.0003 | AF8: =(P8+Q8+V8)/(G8-N8) -> 0 | AG8: =P8+Q8+V8 -> 0 | AH8: 11.376 | AK8: 11.376
A9: 特能星光#3光伏电站 | B9: BO07 | C9: 敦煌星光 | D9: 20 | E9: {=SUMPRODUCT((计划电量!$K$2:$V$2>=自由分析表!$O$1)*(计划电量!$K$2:$V$2<=自由分析表!$Q$1)*计划电量!K9:V9)} -> 388 | F9: =SUMIFS(数据提取表!F:F,数据提取表!$B:$B,$A9,数据提取表!$A:$A,">="&$D$1,数据提取表!$A:$A,"<="&$H$1) -> 12.51 | G9: =SUMIFS(数据提取表!H:H,数据提取表!$B:$B,$A9,数据提取表!$A:$A,">="&$D$1,数据提取表!$A:$A,"<="&$H$1) -> 26.9146 | H9: =SUMIFS(数据提取表!I:I,数据提取表!$B:$B,$A9,数据提取表!$A:$A,">="&$D$1,数据提取表!$A:$A,"<="&$H$1) -> 0 | I9: =SUMIFS(数据提取表!J:J,数据提取表!$B:$B,$A9,数据提取表!$A:$A,">="&$D$1,数据提取表!$A:$A,"<="&$H$1) -> 0 | J9: =计划电量!F9 -> 4106 | K9: =I9/E9 -> 0 | L9: =I9/J9 -> 0 | M9: =I9-E9 -> -388 | N9: =SUMIFS(数据提取表!K:K,数据提取表!$B:$B,$A9,数据提取表!$A:$A,">="&$D$1,数据提取表!$A:$A,"<="&$H$1) -> 0 | O9: =N9/G9 -> 0 | P9: =R9+U9 -> 26.9146 | Q9: =S9+T9 -> 0 | R9: =SUMIFS(数据提取表!U:U,数据提取表!$B:$B,$A9,数据提取表!$A:$A,">="&$D$1,数据提取表!$A:$A,"<="&$H$1) -> 0 | S9: =SUMIFS(数据提取表!T:T,数据提取表!$B:$B,$A9,数据提取表!$A:$A,">="&$D$1,数据提取表!$A:$A,"<="&$H$1) -> 0 | T9: =SUMIFS(数据提取表!V:V,数据提取表!$B:$B,$A9,数据提取表!$A:$A,">="&$D$1,数据提取表!$A:$A,"<="&$H$1) -> 0 | U9: =SUMIFS(数据提取表!W:W,数据提取表!$B:$B,$A9,数据提取表!$A:$A,">="&$D$1,数据提取表!$A:$A,"<="&$H$1) -> 26.9146 | V9: =W9+X9+Y9 -> 0 | W9: =SUMIFS(数据提取表!X:X,数据提取表!$B:$B,$A9,数据提取表!$A:$A,">="&$D$1,数据提取表!$A:$A,"<="&$H$1) -> 0 | X9: =SUMIFS(数据提取表!Y:Y,数据提取表!$B:$B,$A9,数据提取表!$A:$A,">="&$D$1,数据提取表!$A:$A,"<="&$H$1) -> 0 | Y9: =SUMIFS(数据提取表!Z:Z,数据提取表!$B:$B,$A9,数据提取表!$A:$A,">="&$D$1,数据提取表!$A:$A,"<="&$H$1) -> 0 | Z9: =SUMIFS(数据提取表!AA:AA,数据提取表!$B:$B,$A9,数据提取表!$A:$A,">="&$D$1,数据提取表!$A:$A,"<="&$H$1) -> 0 | AA9: =SUMIFS(数据提取表!AB:AB,数据提取表!$B:$B,$A9,数据提取表!$A:$A,">="&$D$1,数据提取表!$A:$A,"<="&$H$1)/$J$1 -> 1 | AB9: =Q9/(Q9+P9+H9) -> 0 | AC9: 0.0005 | AD9: =P9/(P9+Q9+H9) -> 1 | AE9: 0.0003 | AF9: =(P9+Q9+V9)/(G9-N9) -> 1 | AG9: =P9+Q9+V9 -> 26.9146 | AH9: 0 | AK9: 0.187
A10: 高传官滩风力发电厂 | B10: BO08 | C10: 盱眙官滩 | D10: 80 | E10: {=SUMPRODUCT((计划电量!$K$2:$V$2>=自由分析表!$O$1)*(计划电量!$K$2:$V$2<=自由分析表!$Q$1)*计划电量!K10:V10)} -> 1483 | F10: =SUMIFS(数据提取表!G:G,数据提取表!$B:$B,$A10,数据提取表!$A:$A,">="&$D$1,数据提取表!$A:$A,"<="&$H$1)/$J$1 -> 3.38 | G10: =SUMIFS(数据提取表!H:H,数据提取表!$B:$B,$A10,数据提取表!$A:$A,">="&$D$1,数据提取表!$A:$A,"<="&$H$1) -> 28.179 | H10: =SUMIFS(数据提取表!I:I,数据提取表!$B:$B,$A10,数据提取表!$A:$A,">="&$D$1,数据提取表!$A:$A,"<="&$H$1) -> 27.2015 | I10: =SUMIFS(数据提取表!J:J,数据提取表!$B:$B,$A10,数据提取表!$A:$A,">="&$D$1,数据提取表!$A:$A,"<="&$H$1) -> 25.5375 | J10: =计划电量!F10 -> 18237 | K10: =I10/E10 -> 0.017220162 | L10: =I10/J10 -> 0.0014003126 | M10: =I10-E10 -> -1457.4625 | N10: =SUMIFS(数据提取表!K:K,数据提取表!$B:$B,$A10,数据提取表!$A:$A,">="&$D$1,数据提取表!$A:$A,"<="&$H$1) -> 0 | O10: =N10/G10 -> 0 | P10: =R10+U10 -> 0 | Q10: =S10+T10 -> 0 | R10: =SUMIFS(数据提取表!U:U,数据提取表!$B:$B,$A10,数据提取表!$A:$A,">="&$D$1,数据提取表!$A:$A,"<="&$H$1) -> 0 | S10: =SUMIFS(数据提取表!T:T,数据提取表!$B:$B,$A10,数据提取表!$A:$A,">="&$D$1,数据提取表!$A:$A,"<="&$H$1) -> 0 | T10: =SUMIFS(数据提取表!V:V,数据提取表!$B:$B,$A10,数据提取表!$A:$A,">="&$D$1,数据提取表!$A:$A,"<="&$H$1) -> 0 | U10: =SUMIFS(数据提取表!W:W,数据提取表!$B:$B,$A10,数据提取表!$A:$A,">="&$D$1,数据提取表!$A:$A,"<="&$H$1) -> 0 | V10: =W10+X10+Y10 -> 0 | W10: =SUMIFS(数据提取表!X:X,数据提取表!$B:$B,$A10,数据提取表!$A:$A,">="&$D$1,数据提取表!$A:$A,"<="&$H$1) -> 0 | X10: =SUMIFS(数据提取表!Y:Y,数据提取表!$B:$B,$A10,数据提取表!$A:$A,">="&$D$1,数据提取表!$A:$A,"<="&$H$1) -> 0 | Y10: =SUMIFS(数据提取表!Z:Z,数据提取表!$B:$B,$A10,数据提取表!$A:$A,">="&$D$1,数据提取表!$A:$A,"<="&$H$1) -> 0 | Z10: =SUMIFS(数据提取表!AA:AA,数据提取表!$B:$B,$A10,数据提取表!$A:$A,">="&$D$1,数据提取表!$A:$A,"<="&$H$1) -> 0 | AA10: =SUMIFS(数据提取表!AB:AB,数据提取表!$B:$B,$A10,数据提取表!$A:$A,">="&$D$1,数据提取表!$A:$A,"<="&$H$1)/$J$1 -> 0.9858 | AB10: =Q10/(Q10+P10+H10) -> 0 | AC10: 0.0053 | AD10: =P10/(P10+Q10+H10) -> 0 | AE10: 0.0031171124 | AF10: =(P10+Q10+V10)/(G10-N10) -> 0 | AG10: =P10+Q10+V10 -> 0 | AH10: 11.9804 | AK10: 28.6367
A11: 子牙关光伏电站 | B11: BO09 | C11: 鹤庆子牙关 | D11: 30 | E11: {=SUMPRODUCT((计划电量!$K$2:$V$2>=自由分析表!$O$1)*(计划电量!$K$2:$V$2<=自由分析表!$Q$1)*计划电量!K11:V11)} -> 412 | F11: =SUMIFS(数据提取表!F:F,数据提取表!$B:$B,$A11,数据提取表!$A:$A,">="&$D$1,数据提取表!$A:$A,"<="&$H$1) -> 8.88 | G11: =SUMIFS(数据提取表!H:H,数据提取表!$B:$B,$A11,数据提取表!$A:$A,">="&$D$1,数据提取表!$A:$A,"<="&$H$1) -> 23.9492 | H11: =SUMIFS(数据提取表!I:I,数据提取表!$B:$B,$A11,数据提取表!$A:$A,">="&$D$1,数据提取表!$A:$A,"<="&$H$1) -> 21.616 | I11: =SUMIFS(数据提取表!J:J,数据提取表!$B:$B,$A11,数据提取表!$A:$A,">="&$D$1,数据提取表!$A:$A,"<="&$H$1) -> 21.56 | J11: =计划电量!F11 -> 4708 | K11: =I11/E11 -> 0.052330097 | L11: =I11/J11 -> 0.0045794393 | M11: =I11-E11 -> -390.44 | N11: =SUMIFS(数据提取表!K:K,数据提取表!$B:$B,$A11,数据提取表!$A:$A,">="&$D$1,数据提取表!$A:$A,"<="&$H$1) -> 1.8636 | O11: =N11/G11 -> 0.077814708 | P11: =R11+U11 -> 0 | Q11: =S11+T11 -> 0 | R11: =SUMIFS(数据提取表!U:U,数据提取表!$B:$B,$A11,数据提取表!$A:$A,">="&$D$1,数据提取表!$A:$A,"<="&$H$1) -> 0 | S11: =SUMIFS(数据提取表!T:T,数据提取表!$B:$B,$A11,数据提取表!$A:$A,">="&$D$1,数据提取表!$A:$A,"<="&$H$1) -> 0 | T11: =SUMIFS(数据提取表!V:V,数据提取表!$B:$B,$A11,数据提取表!$A:$A,">="&$D$1,数据提取表!$A:$A,"<="&$H$1) -> 0 | U11: =SUMIFS(数据提取表!W:W,数据提取表!$B:$B,$A11,数据提取表!$A:$A,">="&$D$1,数据提取表!$A:$A,"<="&$H$1) -> 0 | V11: =W11+X11+Y11 -> 0 | W11: =SUMIFS(数据提取表!X:X,数据提取表!$B:$B,$A11,数据提取表!$A:$A,">="&$D$1,数据提取表!$A:$A,"<="&$H$1) -> 0 | X11: =SUMIFS(数据提取表!Y:Y,数据提取表!$B:$B,$A11,数据提取表!$A:$A,">="&$D$1,数据提取表!$A:$A,"<="&$H$1) -> 0 | Y11: =SUMIFS(数据提取表!Z:Z,数据提取表!$B:$B,$A11,数据提取表!$A:$A,">="&$D$1,数据提取表!$A:$A,"<="&$H$1) -> 0 | Z11: =SUMIFS(数据提取表!AA:AA,数据提取表!$B:$B,$A11,数据提取表!$A:$A,">="&$D$1,数据提取表!$A:$A,"<="&$H$1) -> 0 | AA11: =SUMIFS(数据提取表!AB:AB,数据提取表!$B:$B,$A11,数据提取表!$A:$A,">="&$D$1,数据提取表!$A:$A,"<="&$H$1)/$J$1 -> 1 | AB11: =Q11/(Q11+P11+H11) -> 0 | AC11: 0.0005 | AD11: =P11/(P11+Q11+H11) -> 0 | AE11: 0.0003 | AF11: =(P11+Q11+V11)/(G11-N11) -> 0 | AG11: =P11+Q11+V11 -> 0 | AH11: 0 | AK11: 0
A12: 恒泰风电场 | B12: BO10 | C12: 穆店恒泰 | D12: 20 | E12: {=SUMPRODUCT((计划电量!$K$2:$V$2>=自由分析表!$O$1)*(计划电量!$K$2:$V$2<=自由分析表!$Q$1)*计划电量!K12:V12)} -> 490 | F12: =SUMIFS(数据提取表!G:G,数据提取表!$B:$B,$A12,数据提取表!$A:$A,">="&$D$1,数据提取表!$A:$A,"<="&$H$1)/$J$1 -> 3.415 | G12: =SUMIFS(数据提取表!H:H,数据提取表!$B:$B,$A12,数据提取表!$A:$A,">="&$D$1,数据提取表!$A:$A,"<="&$H$1) -> 13.308 | H12: =SUMIFS(数据提取表!I:I,数据提取表!$B:$B,$A12,数据提取表!$A:$A,">="&$D$1,数据提取表!$A:$A,"<="&$H$1) -> 13.062 | I12: =SUMIFS(数据提取表!J:J,数据提取表!$B:$B,$A12,数据提取表!$A:$A,">="&$D$1,数据提取表!$A:$A,"<="&$H$1) -> 13.025 | J12: =计划电量!F12 -> 5372 | K12: =I12/E12 -> 0.026581633 | L12: =I12/J12 -> 0.0024246091 | M12: =I12-E12 -> -476.975 | N12: =SUMIFS(数据提取表!K:K,数据提取表!$B:$B,$A12,数据提取表!$A:$A,">="&$D$1,数据提取表!$A:$A,"<="&$H$1) -> 0.1658 | O12: =N12/G12 -> 0.012458671 | P12: =R12+U12 -> 0 | Q12: =S12+T12 -> 0 | R12: =SUMIFS(数据提取表!U:U,数据提取表!$B:$B,$A12,数据提取表!$A:$A,">="&$D$1,数据提取表!$A:$A,"<="&$H$1) -> 0 | S12: =SUMIFS(数据提取表!T:T,数据提取表!$B:$B,$A12,数据提取表!$A:$A,">="&$D$1,数据提取表!$A:$A,"<="&$H$1) -> 0 | T12: =SUMIFS(数据提取表!V:V,数据提取表!$B:$B,$A12,数据提取表!$A:$A,">="&$D$1,数据提取表!$A:$A,"<="&$H$1) -> 0 | U12: =SUMIFS(数据提取表!W:W,数据提取表!$B:$B,$A12,数据提取表!$A:$A,">="&$D$1,数据提取表!$A:$A,"<="&$H$1) -> 0 | V12: =W12+X12+Y12 -> 0 | W12: =SUMIFS(数据提取表!X:X,数据提取表!$B:$B,$A12,数据提取表!$A:$A,">="&$D$1,数据提取表!$A:$A,"<="&$H$1) -> 0 | X12: =SUMIFS(数据提取表!Y:Y,数据提取表!$B:$B,$A12,数据提取表!$A:$A,">="&$D$1,数据提取表!$A:$A,"<="&$H$1) -> 0 | Y12: =SUMIFS(数据提取表!Z:Z,数据提取表!$B:$B,$A12,数据提取表!$A:$A,">="&$D$1,数据提取表!$A:$A,"<="&$H$1) -> 0 | Z12: =SUMIFS(数据提取表!AA:AA,数据提取表!$B:$B,$A12,数据提取表!$A:$A,">="&$D$1,数据提取表!$A:$A,"<="&$H$1) -> 0 | AA12: =SUMIFS(数据提取表!AB:AB,数据提取表!$B:$B,$A12,数据提取表!$A:$A,">="&$D$1,数据提取表!$A:$A,"<="&$H$1)/$J$1 -> 1 | AB12: =Q12/(Q12+P12+H12) -> 0 | AC12: 0.0037337203 | AD12: =P12/(P12+Q12+H12) -> 0 | AE12: 0.0040709705 | AF12: =(P12+Q12+V12)/(G12-N12) -> 0 | AG12: =P12+Q12+V12 -> 0 | AH12: 3.4624 | AK12: 15.659
A13: 武晟庄华光伏电站 | B13: BO11 | C13: 武威武晟 | D13: 180 | E13: {=SUMPRODUCT((计划电量!$K$2:$V$2>=自由分析表!$O$1)*(计划电量!$K$2:$V$2<=自由分析表!$Q$1)*计划电量!K13:V13)} -> 2714 | F13: =SUMIFS(数据提取表!F:F,数据提取表!$B:$B,$A13,数据提取表!$A:$A,">="&$D$1,数据提取表!$A:$A,"<="&$H$1) -> 14.15 | G13: =SUMIFS(数据提取表!H:H,数据提取表!$B:$B,$A13,数据提取表!$A:$A,">="&$D$1,数据提取表!$A:$A,"<="&$H$1) -> 206.8939 | H13: =SUMIFS(数据提取表!I:I,数据提取表!$B:$B,$A13,数据提取表!$A:$A,">="&$D$1,数据提取表!$A:$A,"<="&$H$1) -> 165.6619 | I13: =SUMIFS(数据提取表!J:J,数据提取表!$B:$B,$A13,数据提取表!$A:$A,">="&$D$1,数据提取表!$A:$A,"<="&$H$1) -> 161.273 | J13: =计划电量!F13 -> 24402 | K13: =I13/E13 -> 0.059422623 | L13: =I13/J13 -> 0.0066090075 | M13: =I13-E13 -> -2552.727 | N13: =SUMIFS(数据提取表!K:K,数据提取表!$B:$B,$A13,数据提取表!$A:$A,">="&$D$1,数据提取表!$A:$A,"<="&$H$1) -> 41.23 | O13: =N13/G13 -> 0.19928089 | P13: =R13+U13 -> 0 | Q13: =S13+T13 -> 0 | R13: =SUMIFS(数据提取表!U:U,数据提取表!$B:$B,$A13,数据提取表!$A:$A,">="&$D$1,数据提取表!$A:$A,"<="&$H$1) -> 0 | S13: =SUMIFS(数据提取表!T:T,数据提取表!$B:$B,$A13,数据提取表!$A:$A,">="&$D$1,数据提取表!$A:$A,"<="&$H$1) -> 0 | T13: =SUMIFS(数据提取表!V:V,数据提取表!$B:$B,$A13,数据提取表!$A:$A,">="&$D$1,数据提取表!$A:$A,"<="&$H$1) -> 0 | U13: =SUMIFS(数据提取表!W:W,数据提取表!$B:$B,$A13,数据提取表!$A:$A,">="&$D$1,数据提取表!$A:$A,"<="&$H$1) -> 0 | V13: =W13+X13+Y13 -> 0 | W13: =SUMIFS(数据提取表!X:X,数据提取表!$B:$B,$A13,数据提取表!$A:$A,">="&$D$1,数据提取表!$A:$A,"<="&$H$1) -> 0 | X13: =SUMIFS(数据提取表!Y:Y,数据提取表!$B:$B,$A13,数据提取表!$A:$A,">="&$D$1,数据提取表!$A:$A,"<="&$H$1) -> 0 | Y13: =SUMIFS(数据提取表!Z:Z,数据提取表!$B:$B,$A13,数据提取表!$A:$A,">="&$D$1,数据提取表!$A:$A,"<="&$H$1) -> 0 | Z13: =SUMIFS(数据提取表!AA:AA,数据提取表!$B:$B,$A13,数据提取表!$A:$A,">="&$D$1,数据提取表!$A:$A,"<="&$H$1) -> 0 | AA13: =SUMIFS(数据提取表!AB:AB,数据提取表!$B:$B,$A13,数据提取表!$A:$A,">="&$D$1,数据提取表!$A:$A,"<="&$H$1)/$J$1 -> 1 | AB13: =Q13/(Q13+P13+H13) -> 0 | AC13: 0.002 | AD13: =P13/(P13+Q13+H13) -> 0 | AE13: 0.0003 | AF13: =(P13+Q13+V13)/(G13-N13) -> 0 | AG13: =P13+Q13+V13 -> 0 | AH13: 0 | AK13: 0
A14: 100MW星奥光伏电站 | B14: BO12 | C14: 敦煌星奥 | D14: 100 | E14: {=SUMPRODUCT((计划电量!$K$2:$V$2>=自由分析表!$O$1)*(计划电量!$K$2:$V$2<=自由分析表!$Q$1)*计划电量!K14:V14)} -> 2401 | F14: =SUMIFS(数据提取表!F:F,数据提取表!$B:$B,$A14,数据提取表!$A:$A,">="&$D$1,数据提取表!$A:$A,"<="&$H$1) -> 12.96 | G14: =SUMIFS(数据提取表!H:H,数据提取表!$B:$B,$A14,数据提取表!$A:$A,">="&$D$1,数据提取表!$A:$A,"<="&$H$1) -> 133.0693 | H14: =SUMIFS(数据提取表!I:I,数据提取表!$B:$B,$A14,数据提取表!$A:$A,">="&$D$1,数据提取表!$A:$A,"<="&$H$1) -> 105.4095 | I14: =SUMIFS(数据提取表!J:J,数据提取表!$B:$B,$A14,数据提取表!$A:$A,">="&$D$1,数据提取表!$A:$A,"<="&$H$1) -> 96.467 | J14: =计划电量!F14 -> 17591 | K14: =I14/E14 -> 0.040177843 | L14: =I14/J14 -> 0.0054838838 | M14: =I14-E14 -> -2304.533 | N14: =SUMIFS(数据提取表!K:K,数据提取表!$B:$B,$A14,数据提取表!$A:$A,">="&$D$1,数据提取表!$A:$A,"<="&$H$1) -> 27.6598 | O14: =N14/G14 -> 0.20786011 | P14: =R14+U14 -> 0 | Q14: =S14+T14 -> 0 | R14: =SUMIFS(数据提取表!U:U,数据提取表!$B:$B,$A14,数据提取表!$A:$A,">="&$D$1,数据提取表!$A:$A,"<="&$H$1) -> 0 | S14: =SUMIFS(数据提取表!T:T,数据提取表!$B:$B,$A14,数据提取表!$A:$A,">="&$D$1,数据提取表!$A:$A,"<="&$H$1) -> 0 | T14: =SUMIFS(数据提取表!V:V,数据提取表!$B:$B,$A14,数据提取表!$A:$A,">="&$D$1,数据提取表!$A:$A,"<="&$H$1) -> 0 | U14: =SUMIFS(数据提取表!W:W,数据提取表!$B:$B,$A14,数据提取表!$A:$A,">="&$D$1,数据提取表!$A:$A,"<="&$H$1) -> 0 | V14: =W14+X14+Y14 -> 0 | W14: =SUMIFS(数据提取表!X:X,数据提取表!$B:$B,$A14,数据提取表!$A:$A,">="&$D$1,数据提取表!$A:$A,"<="&$H$1) -> 0 | X14: =SUMIFS(数据提取表!Y:Y,数据提取表!$B:$B,$A14,数据提取表!$A:$A,">="&$D$1,数据提取表!$A:$A,"<="&$H$1) -> 0 | Y14: =SUMIFS(数据提取表!Z:Z,数据提取表!$B:$B,$A14,数据提取表!$A:$A,">="&$D$1,数据提取表!$A:$A,"<="&$H$1) -> 0 | Z14: =SUMIFS(数据提取表!AA:AA,数据提取表!$B:$B,$A14,数据提取表!$A:$A,">="&$D$1,数据提取表!$A:$A,"<="&$H$1) -> 27.6598 | AA14: =SUMIFS(数据提取表!AB:AB,数据提取表!$B:$B,$A14,数据提取表!$A:$A,">="&$D$1,数据提取表!$A:$A,"<="&$H$1)/$J$1 -> 1 | AB14: =Q14/(Q14+P14+H14) -> 0 | AC14: 0.002 | AD14: =P14/(P14+Q14+H14) -> 0 | AE14: 0.005 | AF14: =(P14+Q14+V14)/(G14-N14) -> 0 | AG14: =P14+Q14+V14 -> 0
A15: 军红风电场 | B15: BO13 | C15: 舞阳军红 | D15: 25 | E15: {=SUMPRODUCT((计划电量!$K$2:$V$2>=自由分析表!$O$1)*(计划电量!$K$2:$V$2<=自由分析表!$Q$1)*计划电量!K15:V15)} -> 1500 | F15: =SUMIFS(数据提取表!G:G,数据提取表!$B:$B,$A15,数据提取表!$A:$A,">="&$D$1,数据提取表!$A:$A,"<="&$H$1)/$J$1 -> 3.225 | G15: =SUMIFS(数据提取表!H:H,数据提取表!$B:$B,$A15,数据提取表!$A:$A,">="&$D$1,数据提取表!$A:$A,"<="&$H$1) -> 0 | H15: =SUMIFS(数据提取表!I:I,数据提取表!$B:$B,$A15,数据提取表!$A:$A,">="&$D$1,数据提取表!$A:$A,"<="&$H$1) -> 18.06 | I15: =SUMIFS(数据提取表!J:J,数据提取表!$B:$B,$A15,数据提取表!$A:$A,">="&$D$1,数据提取表!$A:$A,"<="&$H$1) -> 17.336 | J15: =计划电量!F15 -> 14500.6 | K15: =I15/E15 -> 0.011557333 | L15: =I15/J15 -> 0.0011955367 | M15: =I15-E15 -> -1482.664 | N15: =SUMIFS(数据提取表!K:K,数据提取表!$B:$B,$A15,数据提取表!$A:$A,">="&$D$1,数据提取表!$A:$A,"<="&$H$1) -> 0 | O15: =N15/G15 -> #DIV/0! | P15: =R15+U15 -> 0 | Q15: =S15+T15 -> 0 | R15: =SUMIFS(数据提取表!U:U,数据提取表!$B:$B,$A15,数据提取表!$A:$A,">="&$D$1,数据提取表!$A:$A,"<="&$H$1) -> 0 | S15: =SUMIFS(数据提取表!T:T,数据提取表!$B:$B,$A15,数据提取表!$A:$A,">="&$D$1,数据提取表!$A:$A,"<="&$H$1) -> 0 | T15: =SUMIFS(数据提取表!V:V,数据提取表!$B:$B,$A15,数据提取表!$A:$A,">="&$D$1,数据提取表!$A:$A,"<="&$H$1) -> 0 | U15: =SUMIFS(数据提取表!W:W,数据提取表!$B:$B,$A15,数据提取表!$A:$A,">="&$D$1,数据提取表!$A:$A,"<="&$H$1) -> 0 | V15: =W15+X15+Y15 -> 0 | W15: =SUMIFS(数据提取表!X:X,数据提取表!$B:$B,$A15,数据提取表!$A:$A,">="&$D$1,数据提取表!$A:$A,"<="&$H$1) -> 0 | X15: =SUMIFS(数据提取表!Y:Y,数据提取表!$B:$B,$A15,数据提取表!$A:$A,">="&$D$1,数据提取表!$A:$A,"<="&$H$1) -> 0 | Y15: =SUMIFS(数据提取表!Z:Z,数据提取表!$B:$B,$A15,数据提取表!$A:$A,">="&$D$1,数据提取表!$A:$A,"<="&$H$1) -> 0 | Z15: =SUMIFS(数据提取表!AA:AA,数据提取表!$B:$B,$A15,数据提取表!$A:$A,">="&$D$1,数据提取表!$A:$A,"<="&$H$1) -> 0 | AA15: =SUMIFS(数据提取表!AB:AB,数据提取表!$B:$B,$A15,数据提取表!$A:$A,">="&$D$1,数据提取表!$A:$A,"<="&$H$1)/$J$1 -> 1 | AB15: =Q15/(Q15+P15+H15) -> 0 | AC15: / | AD15: =P15/(P15+Q15+H15) -> 0 | AE15: / | AF15: =(P15+Q15+V15)/(G15-N15) -> #DIV/0!
B16: BO14 | C16: 永城一期 | D16: 100 | E16: {=SUMPRODUCT((计划电量!$K$2:$V$2>=自由分析表!$O$1)*(计划电量!$K$2:$V$2<=自由分析表!$Q$1)*计划电量!K16:V16)} -> 0 | F16: =SUMIFS(数据提取表!F:F,数据提取表!$B:$B,$A16,数据提取表!$A:$A,">="&$D$1,数据提取表!$A:$A,"<="&$H$1) -> 0 | G16: =SUMIFS(数据提取表!H:H,数据提取表!$B:$B,$A16,数据提取表!$A:$A,">="&$D$1,数据提取表!$A:$A,"<="&$H$1) -> 0 | H16: =SUMIFS(数据提取表!I:I,数据提取表!$B:$B,$A16,数据提取表!$A:$A,">="&$D$1,数据提取表!$A:$A,"<="&$H$1) -> 0 | I16: =SUMIFS(数据提取表!J:J,数据提取表!$B:$B,$A16,数据提取表!$A:$A,">="&$D$1,数据提取表!$A:$A,"<="&$H$1) -> 0 | J16: =计划电量!F16 -> 5321.6 | K16: =I16/E16 -> #DIV/0! | L16: =I16/J16 -> 0 | M16: =I16-E16 -> 0 | N16: =SUMIFS(数据提取表!K:K,数据提取表!$B:$B,$A16,数据提取表!$A:$A,">="&$D$1,数据提取表!$A:$A,"<="&$H$1) -> 0 | O16: =N16/G16 -> #DIV/0! | P16: =R16+U16 -> 0 | Q16: =S16+T16 -> 0 | R16: =SUMIFS(数据提取表!U:U,数据提取表!$B:$B,$A16,数据提取表!$A:$A,">="&$D$1,数据提取表!$A:$A,"<="&$H$1) -> 0 | S16: =SUMIFS(数据提取表!T:T,数据提取表!$B:$B,$A16,数据提取表!$A:$A,">="&$D$1,数据提取表!$A:$A,"<="&$H$1) -> 0 | T16: =SUMIFS(数据提取表!V:V,数据提取表!$B:$B,$A16,数据提取表!$A:$A,">="&$D$1,数据提取表!$A:$A,"<="&$H$1) -> 0 | U16: =SUMIFS(数据提取表!W:W,数据提取表!$B:$B,$A16,数据提取表!$A:$A,">="&$D$1,数据提取表!$A:$A,"<="&$H$1) -> 0 | V16: =W16+X16+Y16 -> 0 | W16: =SUMIFS(数据提取表!X:X,数据提取表!$B:$B,$A16,数据提取表!$A:$A,">="&$D$1,数据提取表!$A:$A,"<="&$H$1) -> 0 | X16: =SUMIFS(数据提取表!Y:Y,数据提取表!$B:$B,$A16,数据提取表!$A:$A,">="&$D$1,数据提取表!$A:$A,"<="&$H$1) -> 0 | Y16: =SUMIFS(数据提取表!Z:Z,数据提取表!$B:$B,$A16,数据提取表!$A:$A,">="&$D$1,数据提取表!$A:$A,"<="&$H$1) -> 0 | Z16: =SUMIFS(数据提取表!AA:AA,数据提取表!$B:$B,$A16,数据提取表!$A:$A,">="&$D$1,数据提取表!$A:$A,"<="&$H$1) -> 0 | AA16: =SUMIFS(数据提取表!AB:AB,数据提取表!$B:$B,$A16,数据提取表!$A:$A,">="&$D$1,数据提取表!$A:$A,"<="&$H$1)/$J$1 -> 0 | AB16: / | AC16: / | AD16: / | AE16: / | AF16: / | AG16: =P16+Q16+V16 -> 0
B17: BO15 | C17: 永城二期 | D17: 100 | E17: {=SUMPRODUCT((计划电量!$K$2:$V$2>=自由分析表!$O$1)*(计划电量!$K$2:$V$2<=自由分析表!$Q$1)*计划电量!K17:V17)} -> 0 | F17: =SUMIFS(数据提取表!F:F,数据提取表!$B:$B,$A17,数据提取表!$A:$A,">="&$D$1,数据提取表!$A:$A,"<="&$H$1) -> 0 | G17: =SUMIFS(数据提取表!H:H,数据提取表!$B:$B,$A17,数据提取表!$A:$A,">="&$D$1,数据提取表!$A:$A,"<="&$H$1) -> 0 | H17: =SUMIFS(数据提取表!I:I,数据提取表!$B:$B,$A17,数据提取表!$A:$A,">="&$D$1,数据提取表!$A:$A,"<="&$H$1) -> 0 | I17: =SUMIFS(数据提取表!J:J,数据提取表!$B:$B,$A17,数据提取表!$A:$A,">="&$D$1,数据提取表!$A:$A,"<="&$H$1) -> 0 | J17: =计划电量!F17 -> 6763 | K17: =I17/E17 -> #DIV/0! | L17: =I17/J17 -> 0 | M17: =I17-E17 -> 0 | N17: =SUMIFS(数据提取表!K:K,数据提取表!$B:$B,$A17,数据提取表!$A:$A,">="&$D$1,数据提取表!$A:$A,"<="&$H$1) -> 0 | O17: =N17/G17 -> #DIV/0! | P17: =R17+U17 -> 0 | Q17: =S17+T17 -> 0 | R17: =SUMIFS(数据提取表!U:U,数据提取表!$B:$B,$A17,数据提取表!$A:$A,">="&$D$1,数据提取表!$A:$A,"<="&$H$1) -> 0 | S17: =SUMIFS(数据提取表!T:T,数据提取表!$B:$B,$A17,数据提取表!$A:$A,">="&$D$1,数据提取表!$A:$A,"<="&$H$1) -> 0 | T17: =SUMIFS(数据提取表!V:V,数据提取表!$B:$B,$A17,数据提取表!$A:$A,">="&$D$1,数据提取表!$A:$A,"<="&$H$1) -> 0 | U17: =SUMIFS(数据提取表!W:W,数据提取表!$B:$B,$A17,数据提取表!$A:$A,">="&$D$1,数据提取表!$A:$A,"<="&$H$1) -> 0 | V17: =W17+X17+Y17 -> 0 | W17: =SUMIFS(数据提取表!X:X,数据提取表!$B:$B,$A17,数据提取表!$A:$A,">="&$D$1,数据提取表!$A:$A,"<="&$H$1) -> 0 | X17: =SUMIFS(数据提取表!Y:Y,数据提取表!$B:$B,$A17,数据提取表!$A:$A,">="&$D$1,数据提取表!$A:$A,"<="&$H$1) -> 0 | Y17: =SUMIFS(数据提取表!Z:Z,数据提取表!$B:$B,$A17,数据提取表!$A:$A,">="&$D$1,数据提取表!$A:$A,"<="&$H$1) -> 0 | Z17: =SUMIFS(数据提取表!AA:AA,数据提取表!$B:$B,$A17,数据提取表!$A:$A,">="&$D$1,数据提取表!$A:$A,"<="&$H$1) -> 0 | AA17: =SUMIFS(数据提取表!AB:AB,数据提取表!$B:$B,$A17,数据提取表!$A:$A,">="&$D$1,数据提取表!$A:$A,"<="&$H$1)/$J$1 -> 0 | AB17: / | AC17: / | AD17: / | AE17: / | AF17: / | AG17: =P17+Q17+V17 -> 0
B18: BO16 | C18: 遂川风电 | D18: 40 | E18: 0 | F18: =SUMIFS(数据提取表!F:F,数据提取表!$B:$B,$A18,数据提取表!$A:$A,">="&$D$1,数据提取表!$A:$A,"<="&$H$1) -> 0 | G18: =SUMIFS(数据提取表!H:H,数据提取表!$B:$B,$A18,数据提取表!$A:$A,">="&$D$1,数据提取表!$A:$A,"<="&$H$1) -> 0 | H18: =SUMIFS(数据提取表!I:I,数据提取表!$B:$B,$A18,数据提取表!$A:$A,">="&$D$1,数据提取表!$A:$A,"<="&$H$1) -> 0 | I18: =SUMIFS(数据提取表!J:J,数据提取表!$B:$B,$A18,数据提取表!$A:$A,">="&$D$1,数据提取表!$A:$A,"<="&$H$1) -> 0 | J18: =计划电量!F18 -> 6476 | K18: =I18/E18 -> #DIV/0! | L18: =I18/J18 -> 0 | M18: =I18-E18 -> 0 | N18: =SUMIFS(数据提取表!K:K,数据提取表!$B:$B,$A18,数据提取表!$A:$A,">="&$D$1,数据提取表!$A:$A,"<="&$H$1) -> 0 | O18: =N18/G18 -> #DIV/0! | P18: =R18+U18 -> 0 | Q18: =S18+T18 -> 0 | R18: =SUMIFS(数据提取表!U:U,数据提取表!$B:$B,$A18,数据提取表!$A:$A,">="&$D$1,数据提取表!$A:$A,"<="&$H$1) -> 0 | S18: =SUMIFS(数据提取表!T:T,数据提取表!$B:$B,$A18,数据提取表!$A:$A,">="&$D$1,数据提取表!$A:$A,"<="&$H$1) -> 0 | T18: =SUMIFS(数据提取表!V:V,数据提取表!$B:$B,$A18,数据提取表!$A:$A,">="&$D$1,数据提取表!$A:$A,"<="&$H$1) -> 0 | U18: =SUMIFS(数据提取表!W:W,数据提取表!$B:$B,$A18,数据提取表!$A:$A,">="&$D$1,数据提取表!$A:$A,"<="&$H$1) -> 0 | V18: =W18+X18+Y18 -> 0 | W18: =SUMIFS(数据提取表!X:X,数据提取表!$B:$B,$A18,数据提取表!$A:$A,">="&$D$1,数据提取表!$A:$A,"<="&$H$1) -> 0 | X18: =SUMIFS(数据提取表!Y:Y,数据提取表!$B:$B,$A18,数据提取表!$A:$A,">="&$D$1,数据提取表!$A:$A,"<="&$H$1) -> 0 | Y18: =SUMIFS(数据提取表!Z:Z,数据提取表!$B:$B,$A18,数据提取表!$A:$A,">="&$D$1,数据提取表!$A:$A,"<="&$H$1) -> 0 | Z18: =SUMIFS(数据提取表!AA:AA,数据提取表!$B:$B,$A18,数据提取表!$A:$A,">="&$D$1,数据提取表!$A:$A,"<="&$H$1) -> 0 | AA18: =SUMIFS(数据提取表!AB:AB,数据提取表!$B:$B,$A18,数据提取表!$A:$A,">="&$D$1,数据提取表!$A:$A,"<="&$H$1)/$J$1 -> 0 | AB18: / | AC18: / | AD18: / | AE18: / | AF18: / | AG18: =P18+Q18+V18 -> 0
B19: BO17 | C19: 泗县风电 | D19: 100 | E19: {=SUMPRODUCT((计划电量!$K$2:$V$2>=自由分析表!$O$1)*(计划电量!$K$2:$V$2<=自由分析表!$Q$1)*计划电量!K19:V19)} -> 0 | F19: =SUMIFS(数据提取表!F:F,数据提取表!$B:$B,$A19,数据提取表!$A:$A,">="&$D$1,数据提取表!$A:$A,"<="&$H$1) -> 0 | G19: =SUMIFS(数据提取表!H:H,数据提取表!$B:$B,$A19,数据提取表!$A:$A,">="&$D$1,数据提取表!$A:$A,"<="&$H$1) -> 0 | H19: =SUMIFS(数据提取表!I:I,数据提取表!$B:$B,$A19,数据提取表!$A:$A,">="&$D$1,数据提取表!$A:$A,"<="&$H$1) -> 0 | I19: =SUMIFS(数据提取表!J:J,数据提取表!$B:$B,$A19,数据提取表!$A:$A,">="&$D$1,数据提取表!$A:$A,"<="&$H$1) -> 0 | J19: =计划电量!F19 -> 6684 | K19: =I19/E19 -> #DIV/0! | L19: =I19/J19 -> 0 | M19: =I19-E19 -> 0 | N19: =SUMIFS(数据提取表!K:K,数据提取表!$B:$B,$A19,数据提取表!$A:$A,">="&$D$1,数据提取表!$A:$A,"<="&$H$1) -> 0 | O19: =N19/G19 -> #DIV/0! | P19: =R19+U19 -> 0 | Q19: =S19+T19 -> 0 | R19: =SUMIFS(数据提取表!U:U,数据提取表!$B:$B,$A19,数据提取表!$A:$A,">="&$D$1,数据提取表!$A:$A,"<="&$H$1) -> 0 | S19: =SUMIFS(数据提取表!T:T,数据提取表!$B:$B,$A19,数据提取表!$A:$A,">="&$D$1,数据提取表!$A:$A,"<="&$H$1) -> 0 | T19: =SUMIFS(数据提取表!V:V,数据提取表!$B:$B,$A19,数据提取表!$A:$A,">="&$D$1,数据提取表!$A:$A,"<="&$H$1) -> 0 | U19: =SUMIFS(数据提取表!W:W,数据提取表!$B:$B,$A19,数据提取表!$A:$A,">="&$D$1,数据提取表!$A:$A,"<="&$H$1) -> 0 | V19: =W19+X19+Y19 -> 0 | W19: =SUMIFS(数据提取表!X:X,数据提取表!$B:$B,$A19,数据提取表!$A:$A,">="&$D$1,数据提取表!$A:$A,"<="&$H$1) -> 0 | X19: =SUMIFS(数据提取表!Y:Y,数据提取表!$B:$B,$A19,数据提取表!$A:$A,">="&$D$1,数据提取表!$A:$A,"<="&$H$1) -> 0 | Y19: =SUMIFS(数据提取表!Z:Z,数据提取表!$B:$B,$A19,数据提取表!$A:$A,">="&$D$1,数据提取表!$A:$A,"<="&$H$1) -> 0 | Z19: =SUMIFS(数据提取表!AA:AA,数据提取表!$B:$B,$A19,数据提取表!$A:$A,">="&$D$1,数据提取表!$A:$A,"<="&$H$1) -> 0 | AA19: =SUMIFS(数据提取表!AB:AB,数据提取表!$B:$B,$A19,数据提取表!$A:$A,">="&$D$1,数据提取表!$A:$A,"<="&$H$1)/$J$1 -> 0 | AB19: / | AC19: / | AD19: / | AE19: / | AF19: / | AG19: =P19+Q19+V19 -> 0
B20: BO18 | C20: 坛勒风电 | D20: 50 | E20: {=SUMPRODUCT((计划电量!$K$2:$V$2>=自由分析表!$O$1)*(计划电量!$K$2:$V$2<=自由分析表!$Q$1)*计划电量!K20:V20)} -> 0 | F20: =SUMIFS(数据提取表!F:F,数据提取表!$B:$B,$A20,数据提取表!$A:$A,">="&$D$1,数据提取表!$A:$A,"<="&$H$1) -> 0 | G20: =SUMIFS(数据提取表!H:H,数据提取表!$B:$B,$A20,数据提取表!$A:$A,">="&$D$1,数据提取表!$A:$A,"<="&$H$1) -> 0 | H20: =SUMIFS(数据提取表!I:I,数据提取表!$B:$B,$A20,数据提取表!$A:$A,">="&$D$1,数据提取表!$A:$A,"<="&$H$1) -> 0 | I20: =SUMIFS(数据提取表!J:J,数据提取表!$B:$B,$A20,数据提取表!$A:$A,">="&$D$1,数据提取表!$A:$A,"<="&$H$1) -> 0 | J20: =计划电量!F20 -> 3474 | K20: =I20/E20 -> #DIV/0! | L20: =I20/J20 -> 0 | M20: =I20-E20 -> 0 | N20: =SUMIFS(数据提取表!K:K,数据提取表!$B:$B,$A20,数据提取表!$A:$A,">="&$D$1,数据提取表!$A:$A,"<="&$H$1) -> 0 | O20: =N20/G20 -> #DIV/0! | P20: =R20+U20 -> 0 | Q20: =S20+T20 -> 0 | R20: =SUMIFS(数据提取表!U:U,数据提取表!$B:$B,$A20,数据提取表!$A:$A,">="&$D$1,数据提取表!$A:$A,"<="&$H$1) -> 0 | S20: =SUMIFS(数据提取表!T:T,数据提取表!$B:$B,$A20,数据提取表!$A:$A,">="&$D$1,数据提取表!$A:$A,"<="&$H$1) -> 0 | T20: =SUMIFS(数据提取表!V:V,数据提取表!$B:$B,$A20,数据提取表!$A:$A,">="&$D$1,数据提取表!$A:$A,"<="&$H$1) -> 0 | U20: =SUMIFS(数据提取表!W:W,数据提取表!$B:$B,$A20,数据提取表!$A:$A,">="&$D$1,数据提取表!$A:$A,"<="&$H$1) -> 0 | V20: =W20+X20+Y20 -> 0 | W20: =SUMIFS(数据提取表!X:X,数据提取表!$B:$B,$A20,数据提取表!$A:$A,">="&$D$1,数据提取表!$A:$A,"<="&$H$1) -> 0 | X20: =SUMIFS(数据提取表!Y:Y,数据提取表!$B:$B,$A20,数据提取表!$A:$A,">="&$D$1,数据提取表!$A:$A,"<="&$H$1) -> 0 | Y20: =SUMIFS(数据提取表!Z:Z,数据提取表!$B:$B,$A20,数据提取表!$A:$A,">="&$D$1,数据提取表!$A:$A,"<="&$H$1) -> 0 | Z20: =SUMIFS(数据提取表!AA:AA,数据提取表!$B:$B,$A20,数据提取表!$A:$A,">="&$D$1,数据提取表!$A:$A,"<="&$H$1) -> 0 | AA20: =SUMIFS(数据提取表!AB:AB,数据提取表!$B:$B,$A20,数据提取表!$A:$A,">="&$D$1,数据提取表!$A:$A,"<="&$H$1)/$J$1 -> 0 | AB20: / | AC20: / | AD20: / | AE20: / | AF20: / | AG20: =P20+Q20+V20 -> 0
B21: BO19 | C21: 武威二期 | D21: 100 | E21: {=SUMPRODUCT((计划电量!$K$2:$V$2>=自由分析表!$O$1)*(计划电量!$K$2:$V$2<=自由分析表!$Q$1)*计划电量!K21:V21)} -> 0 | F21: =SUMIFS(数据提取表!F:F,数据提取表!$B:$B,$A21,数据提取表!$A:$A,">="&$D$1,数据提取表!$A:$A,"<="&$H$1) -> 0 | G21: =SUMIFS(数据提取表!H:H,数据提取表!$B:$B,$A21,数据提取表!$A:$A,">="&$D$1,数据提取表!$A:$A,"<="&$H$1) -> 0 | H21: =SUMIFS(数据提取表!I:I,数据提取表!$B:$B,$A21,数据提取表!$A:$A,">="&$D$1,数据提取表!$A:$A,"<="&$H$1) -> 0 | I21: =SUMIFS(数据提取表!J:J,数据提取表!$B:$B,$A21,数据提取表!$A:$A,">="&$D$1,数据提取表!$A:$A,"<="&$H$1) -> 0 | J21: =计划电量!F21 -> 3820 | K21: =I21/E21 -> #DIV/0! | L21: =I21/J21 -> 0 | M21: =I21-E21 -> 0 | N21: =SUMIFS(数据提取表!K:K,数据提取表!$B:$B,$A21,数据提取表!$A:$A,">="&$D$1,数据提取表!$A:$A,"<="&$H$1) -> 0 | O21: =N21/G21 -> #DIV/0! | P21: =R21+U21 -> 0 | Q21: =S21+T21 -> 0 | R21: =SUMIFS(数据提取表!U:U,数据提取表!$B:$B,$A21,数据提取表!$A:$A,">="&$D$1,数据提取表!$A:$A,"<="&$H$1) -> 0 | S21: =SUMIFS(数据提取表!T:T,数据提取表!$B:$B,$A21,数据提取表!$A:$A,">="&$D$1,数据提取表!$A:$A,"<="&$H$1) -> 0 | T21: =SUMIFS(数据提取表!V:V,数据提取表!$B:$B,$A21,数据提取表!$A:$A,">="&$D$1,数据提取表!$A:$A,"<="&$H$1) -> 0 | U21: =SUMIFS(数据提取表!W:W,数据提取表!$B:$B,$A21,数据提取表!$A:$A,">="&$D$1,数据提取表!$A:$A,"<="&$H$1) -> 0 | V21: =W21+X21+Y21 -> 0 | W21: =SUMIFS(数据提取表!X:X,数据提取表!$B:$B,$A21,数据提取表!$A:$A,">="&$D$1,数据提取表!$A:$A,"<="&$H$1) -> 0 | X21: =SUMIFS(数据提取表!Y:Y,数据提取表!$B:$B,$A21,数据提取表!$A:$A,">="&$D$1,数据提取表!$A:$A,"<="&$H$1) -> 0 | Y21: =SUMIFS(数据提取表!Z:Z,数据提取表!$B:$B,$A21,数据提取表!$A:$A,">="&$D$1,数据提取表!$A:$A,"<="&$H$1) -> 0 | Z21: =SUMIFS(数据提取表!AA:AA,数据提取表!$B:$B,$A21,数据提取表!$A:$A,">="&$D$1,数据提取表!$A:$A,"<="&$H$1) -> 0 | AA21: =SUMIFS(数据提取表!AB:AB,数据提取表!$B:$B,$A21,数据提取表!$A:$A,">="&$D$1,数据提取表!$A:$A,"<="&$H$1)/$J$1 -> 0 | AB21: / | AC21: / | AD21: / | AE21: / | AF21: / | AG21: =P21+Q21+V21 -> 0
A22: 固阳风源桑欧风光电站风 | B22: BO20 | C22: 固阳桑欧风电 | D22: 100 | E22: {=SUMPRODUCT((计划电量!$K$2:$V$2>=自由分析表!$O$1)*(计划电量!$K$2:$V$2<=自由分析表!$Q$1)*计划电量!K23:V23)} -> 2910 | F22: =SUMIFS(数据提取表!G:G,数据提取表!$B:$B,$A22,数据提取表!$A:$A,">="&$D$1,数据提取表!$A:$A,"<="&$H$1)/$J$1 -> 6.44 | G22: =SUMIFS(数据提取表!H:H,数据提取表!$B:$B,$A22,数据提取表!$A:$A,">="&$D$1,数据提取表!$A:$A,"<="&$H$1) -> 195.218 | H22: =SUMIFS(数据提取表!I:I,数据提取表!$B:$B,$A22,数据提取表!$A:$A,">="&$D$1,数据提取表!$A:$A,"<="&$H$1) -> 168.2212 | I22: =SUMIFS(数据提取表!J:J,数据提取表!$B:$B,$A22,数据提取表!$A:$A,">="&$D$1,数据提取表!$A:$A,"<="&$H$1) -> 165.21 | J22: =计划电量!F23 -> 28860 | K22: =I22/E22 -> 0.056773196 | L22: =I22/J22 -> 0.0057245322 | M22: =I22-E22 -> -2744.79 | N22: =SUMIFS(数据提取表!K:K,数据提取表!$B:$B,$A22,数据提取表!$A:$A,">="&$D$1,数据提取表!$A:$A,"<="&$H$1) -> 26.9968 | O22: =N22/G22 -> 0.13829053 | P22: =R22+U22 -> 0 | Q22: =S22+T22 -> 0 | R22: =SUMIFS(数据提取表!U:U,数据提取表!$B:$B,$A22,数据提取表!$A:$A,">="&$D$1,数据提取表!$A:$A,"<="&$H$1) -> 0 | S22: =SUMIFS(数据提取表!T:T,数据提取表!$B:$B,$A22,数据提取表!$A:$A,">="&$D$1,数据提取表!$A:$A,"<="&$H$1) -> 0 | T22: =SUMIFS(数据提取表!V:V,数据提取表!$B:$B,$A22,数据提取表!$A:$A,">="&$D$1,数据提取表!$A:$A,"<="&$H$1) -> 0 | U22: =SUMIFS(数据提取表!W:W,数据提取表!$B:$B,$A22,数据提取表!$A:$A,">="&$D$1,数据提取表!$A:$A,"<="&$H$1) -> 0 | V22: =W22+X22+Y22 -> 0 | W22: =SUMIFS(数据提取表!X:X,数据提取表!$B:$B,$A22,数据提取表!$A:$A,">="&$D$1,数据提取表!$A:$A,"<="&$H$1) -> 0 | X22: =SUMIFS(数据提取表!Y:Y,数据提取表!$B:$B,$A22,数据提取表!$A:$A,">="&$D$1,数据提取表!$A:$A,"<="&$H$1) -> 0 | Y22: =SUMIFS(数据提取表!Z:Z,数据提取表!$B:$B,$A22,数据提取表!$A:$A,">="&$D$1,数据提取表!$A:$A,"<="&$H$1) -> 0 | Z22: =SUMIFS(数据提取表!AA:AA,数据提取表!$B:$B,$A22,数据提取表!$A:$A,">="&$D$1,数据提取表!$A:$A,"<="&$H$1) -> 0 | AA22: =SUMIFS(数据提取表!AB:AB,数据提取表!$B:$B,$A22,数据提取表!$A:$A,">="&$D$1,数据提取表!$A:$A,"<="&$H$1)/$J$1 -> 1 | AB22: =Q22/(Q22+P22+H22) -> 0 | AC22: 0.008 | AD22: =P22/(P22+Q22+H22) -> 0 | AE22: 0.0043 | AF22: =(P22+Q22+V22)/(G22-N22) -> 0 | AG22: =P22+Q22+V22 -> 0 | AH22: 15.8272 | AK22: 29.9618
A23: 固阳风源桑欧风光电站光 | B23: BO21 | C23: 固阳桑欧光伏 | D23: 20 | E23: {=SUMPRODUCT((计划电量!$K$2:$V$2>=自由分析表!$O$1)*(计划电量!$K$2:$V$2<=自由分析表!$Q$1)*计划电量!K24:V24)} -> 323 | F23: =SUMIFS(数据提取表!F:F,数据提取表!$B:$B,$A23,数据提取表!$A:$A,">="&$D$1,数据提取表!$A:$A,"<="&$H$1) -> 15.66 | G23: =SUMIFS(数据提取表!H:H,数据提取表!$B:$B,$A23,数据提取表!$A:$A,">="&$D$1,数据提取表!$A:$A,"<="&$H$1) -> 28.7524 | H23: =SUMIFS(数据提取表!I:I,数据提取表!$B:$B,$A23,数据提取表!$A:$A,">="&$D$1,数据提取表!$A:$A,"<="&$H$1) -> 27.8222 | I23: =SUMIFS(数据提取表!J:J,数据提取表!$B:$B,$A23,数据提取表!$A:$A,">="&$D$1,数据提取表!$A:$A,"<="&$H$1) -> 27.29 | J23: =计划电量!F24 -> 3541 | K23: =I23/E23 -> 0.084489164 | L23: =I23/J23 -> 0.0077068625 | M23: =I23-E23 -> -295.71 | N23: =SUMIFS(数据提取表!K:K,数据提取表!$B:$B,$A23,数据提取表!$A:$A,">="&$D$1,数据提取表!$A:$A,"<="&$H$1) -> 0.9302 | O23: =N23/G23 -> 0.032352082 | P23: =R23+U23 -> 0 | Q23: =S23+T23 -> 0 | R23: =SUMIFS(数据提取表!U:U,数据提取表!$B:$B,$A23,数据提取表!$A:$A,">="&$D$1,数据提取表!$A:$A,"<="&$H$1) -> 0 | S23: =SUMIFS(数据提取表!T:T,数据提取表!$B:$B,$A23,数据提取表!$A:$A,">="&$D$1,数据提取表!$A:$A,"<="&$H$1) -> 0 | T23: =SUMIFS(数据提取表!V:V,数据提取表!$B:$B,$A23,数据提取表!$A:$A,">="&$D$1,数据提取表!$A:$A,"<="&$H$1) -> 0 | U23: =SUMIFS(数据提取表!W:W,数据提取表!$B:$B,$A23,数据提取表!$A:$A,">="&$D$1,数据提取表!$A:$A,"<="&$H$1) -> 0 | V23: =W23+X23+Y23 -> 0 | W23: =SUMIFS(数据提取表!X:X,数据提取表!$B:$B,$A23,数据提取表!$A:$A,">="&$D$1,数据提取表!$A:$A,"<="&$H$1) -> 0 | X23: =SUMIFS(数据提取表!Y:Y,数据提取表!$B:$B,$A23,数据提取表!$A:$A,">="&$D$1,数据提取表!$A:$A,"<="&$H$1) -> 0 | Y23: =SUMIFS(数据提取表!Z:Z,数据提取表!$B:$B,$A23,数据提取表!$A:$A,">="&$D$1,数据提取表!$A:$A,"<="&$H$1) -> 0 | Z23: =SUMIFS(数据提取表!AA:AA,数据提取表!$B:$B,$A23,数据提取表!$A:$A,">="&$D$1,数据提取表!$A:$A,"<="&$H$1) -> 0 | AA23: =SUMIFS(数据提取表!AB:AB,数据提取表!$B:$B,$A23,数据提取表!$A:$A,">="&$D$1,数据提取表!$A:$A,"<="&$H$1)/$J$1 -> 1 | AB23: =Q23/(Q23+P23+H23) -> 0 | AC23: 0.00061020518 | AD23: =P23/(P23+Q23+H23) -> 0 | AE23: 0.00028981956 | AF23: =(P23+Q23+V23)/(G23-N23) -> 0 | AG23: =P23+Q23+V23 -> 0 | AH23: 0 | AK23: 0
A24: 光羿青阳光伏电站 | B24: BO22 | C24: 石拐光羿青阳 | D24: 100 | E24: {=SUMPRODUCT((计划电量!$K$2:$V$2>=自由分析表!$O$1)*(计划电量!$K$2:$V$2<=自由分析表!$Q$1)*计划电量!K25:V25)} -> 1575 | F24: =SUMIFS(数据提取表!F:F,数据提取表!$B:$B,$A24,数据提取表!$A:$A,">="&$D$1,数据提取表!$A:$A,"<="&$H$1) -> 16.69 | G24: =SUMIFS(数据提取表!H:H,数据提取表!$B:$B,$A24,数据提取表!$A:$A,">="&$D$1,数据提取表!$A:$A,"<="&$H$1) -> 124.152 | H24: =SUMIFS(数据提取表!I:I,数据提取表!$B:$B,$A24,数据提取表!$A:$A,">="&$D$1,数据提取表!$A:$A,"<="&$H$1) -> 116.1459 | I24: =SUMIFS(数据提取表!J:J,数据提取表!$B:$B,$A24,数据提取表!$A:$A,">="&$D$1,数据提取表!$A:$A,"<="&$H$1) -> 110.7 | J24: =计划电量!F25 -> 15895 | K24: =I24/E24 -> 0.070285714 | L24: =I24/J24 -> 0.0069644542 | M24: =I24-E24 -> -1464.3 | N24: =SUMIFS(数据提取表!K:K,数据提取表!$B:$B,$A24,数据提取表!$A:$A,">="&$D$1,数据提取表!$A:$A,"<="&$H$1) -> 7.8548 | O24: =N24/G24 -> 0.063267607 | P24: =R24+U24 -> 0 | Q24: =S24+T24 -> 0.0979 | R24: =SUMIFS(数据提取表!U:U,数据提取表!$B:$B,$A24,数据提取表!$A:$A,">="&$D$1,数据提取表!$A:$A,"<="&$H$1) -> 0 | S24: =SUMIFS(数据提取表!T:T,数据提取表!$B:$B,$A24,数据提取表!$A:$A,">="&$D$1,数据提取表!$A:$A,"<="&$H$1) -> 0.0979 | T24: =SUMIFS(数据提取表!V:V,数据提取表!$B:$B,$A24,数据提取表!$A:$A,">="&$D$1,数据提取表!$A:$A,"<="&$H$1) -> 0 | U24: =SUMIFS(数据提取表!W:W,数据提取表!$B:$B,$A24,数据提取表!$A:$A,">="&$D$1,数据提取表!$A:$A,"<="&$H$1) -> 0 | V24: =W24+X24+Y24 -> 0.0534 | W24: =SUMIFS(数据提取表!X:X,数据提取表!$B:$B,$A24,数据提取表!$A:$A,">="&$D$1,数据提取表!$A:$A,"<="&$H$1) -> 0 | X24: =SUMIFS(数据提取表!Y:Y,数据提取表!$B:$B,$A24,数据提取表!$A:$A,">="&$D$1,数据提取表!$A:$A,"<="&$H$1) -> 0.0534 | Y24: =SUMIFS(数据提取表!Z:Z,数据提取表!$B:$B,$A24,数据提取表!$A:$A,">="&$D$1,数据提取表!$A:$A,"<="&$H$1) -> 0 | Z24: =SUMIFS(数据提取表!AA:AA,数据提取表!$B:$B,$A24,数据提取表!$A:$A,">="&$D$1,数据提取表!$A:$A,"<="&$H$1) -> 0 | AA24: =SUMIFS(数据提取表!AB:AB,数据提取表!$B:$B,$A24,数据提取表!$A:$A,">="&$D$1,数据提取表!$A:$A,"<="&$H$1)/$J$1 -> 0.99925 | AB24: =Q24/(Q24+P24+H24) -> 0.00084219545 | AC24: 0.0017105951 | AD24: =P24/(P24+Q24+H24) -> 0 | AE24: 0.00037481458 | AF24: =(P24+Q24+V24)/(G24-N24) -> 0.0013009772 | AG24: =P24+Q24+V24 -> 0.1513 | AH24: 99.7766 | AK24: 102.3821
A25: 奈曼旗汇特光伏电站 | B25: BO23 | C25: 奈曼旗汇特 | D25: 30 | E25: {=SUMPRODUCT((计划电量!$K$2:$V$2>=自由分析表!$O$1)*(计划电量!$K$2:$V$2<=自由分析表!$Q$1)*计划电量!K26:V26)} -> 468 | F25: =SUMIFS(数据提取表!F:F,数据提取表!$B:$B,$A25,数据提取表!$A:$A,">="&$D$1,数据提取表!$A:$A,"<="&$H$1) -> 15.87 | G25: =SUMIFS(数据提取表!H:H,数据提取表!$B:$B,$A25,数据提取表!$A:$A,">="&$D$1,数据提取表!$A:$A,"<="&$H$1) -> 40.529 | H25: =SUMIFS(数据提取表!I:I,数据提取表!$B:$B,$A25,数据提取表!$A:$A,">="&$D$1,数据提取表!$A:$A,"<="&$H$1) -> 32.4 | I25: =SUMIFS(数据提取表!J:J,数据提取表!$B:$B,$A25,数据提取表!$A:$A,">="&$D$1,数据提取表!$A:$A,"<="&$H$1) -> 32.0496 | J25: =计划电量!F26 -> 4805 | K25: =I25/E25 -> 0.068482051 | L25: =I25/J25 -> 0.006670052 | M25: =I25-E25 -> -435.9504 | N25: =SUMIFS(数据提取表!K:K,数据提取表!$B:$B,$A25,数据提取表!$A:$A,">="&$D$1,数据提取表!$A:$A,"<="&$H$1) -> 8.129 | O25: =N25/G25 -> 0.20057243 | P25: =R25+U25 -> 0 | Q25: =S25+T25 -> 0 | R25: =SUMIFS(数据提取表!U:U,数据提取表!$B:$B,$A25,数据提取表!$A:$A,">="&$D$1,数据提取表!$A:$A,"<="&$H$1) -> 0 | S25: =SUMIFS(数据提取表!T:T,数据提取表!$B:$B,$A25,数据提取表!$A:$A,">="&$D$1,数据提取表!$A:$A,"<="&$H$1) -> 0 | T25: =SUMIFS(数据提取表!V:V,数据提取表!$B:$B,$A25,数据提取表!$A:$A,">="&$D$1,数据提取表!$A:$A,"<="&$H$1) -> 0 | U25: =SUMIFS(数据提取表!W:W,数据提取表!$B:$B,$A25,数据提取表!$A:$A,">="&$D$1,数据提取表!$A:$A,"<="&$H$1) -> 0 | V25: =W25+X25+Y25 -> 0 | W25: =SUMIFS(数据提取表!X:X,数据提取表!$B:$B,$A25,数据提取表!$A:$A,">="&$D$1,数据提取表!$A:$A,"<="&$H$1) -> 0 | X25: =SUMIFS(数据提取表!Y:Y,数据提取表!$B:$B,$A25,数据提取表!$A:$A,">="&$D$1,数据提取表!$A:$A,"<="&$H$1) -> 0 | Y25: =SUMIFS(数据提取表!Z:Z,数据提取表!$B:$B,$A25,数据提取表!$A:$A,">="&$D$1,数据提取表!$A:$A,"<="&$H$1) -> 0 | Z25: =SUMIFS(数据提取表!AA:AA,数据提取表!$B:$B,$A25,数据提取表!$A:$A,">="&$D$1,数据提取表!$A:$A,"<="&$H$1) -> 0 | AA25: =SUMIFS(数据提取表!AB:AB,数据提取表!$B:$B,$A25,数据提取表!$A:$A,">="&$D$1,数据提取表!$A:$A,"<="&$H$1)/$J$1 -> 1 | AB25: =Q25/(Q25+P25+H25) -> 0 | AC25: 0.00095747522 | AD25: =P25/(P25+Q25+H25) -> 0 | AE25: 0.0081 | AF25: =(P25+Q25+V25)/(G25-N25) -> 0 | AG25: =P25+Q25+V25 -> 0 | AH25: 0 | AK25: 0.1584
A26: 特电乌宁巴风电一场 | B26: BO24 | C26: 特电乌宁巴 | D26: 250 | E26: {=SUMPRODUCT((计划电量!$K$2:$V$2>=自由分析表!$O$1)*(计划电量!$K$2:$V$2<=自由分析表!$Q$1)*计划电量!K27:V27)} -> 5197 | F26: =SUMIFS(数据提取表!G:G,数据提取表!$B:$B,$A26,数据提取表!$A:$A,">="&$D$1,数据提取表!$A:$A,"<="&$H$1)/$J$1 -> 6.94 | G26: =SUMIFS(数据提取表!H:H,数据提取表!$B:$B,$A26,数据提取表!$A:$A,">="&$D$1,数据提取表!$A:$A,"<="&$H$1) -> 424.9676 | H26: =SUMIFS(数据提取表!I:I,数据提取表!$B:$B,$A26,数据提取表!$A:$A,">="&$D$1,数据提取表!$A:$A,"<="&$H$1) -> 287.1827 | I26: =SUMIFS(数据提取表!J:J,数据提取表!$B:$B,$A26,数据提取表!$A:$A,">="&$D$1,数据提取表!$A:$A,"<="&$H$1) -> 277.2 | J26: =计划电量!F27 -> 61425 | K26: =I26/E26 -> 0.053338464 | L26: =I26/J26 -> 0.0045128205 | M26: =I26-E26 -> -4919.8 | N26: =SUMIFS(数据提取表!K:K,数据提取表!$B:$B,$A26,数据提取表!$A:$A,">="&$D$1,数据提取表!$A:$A,"<="&$H$1) -> 137.7849 | O26: =N26/G26 -> 0.32422448 | P26: =R26+U26 -> 0 | Q26: =S26+T26 -> 0 | R26: =SUMIFS(数据提取表!U:U,数据提取表!$B:$B,$A26,数据提取表!$A:$A,">="&$D$1,数据提取表!$A:$A,"<="&$H$1) -> 0 | S26: =SUMIFS(数据提取表!T:T,数据提取表!$B:$B,$A26,数据提取表!$A:$A,">="&$D$1,数据提取表!$A:$A,"<="&$H$1) -> 0 | T26: =SUMIFS(数据提取表!V:V,数据提取表!$B:$B,$A26,数据提取表!$A:$A,">="&$D$1,数据提取表!$A:$A,"<="&$H$1) -> 0 | U26: =SUMIFS(数据提取表!W:W,数据提取表!$B:$B,$A26,数据提取表!$A:$A,">="&$D$1,数据提取表!$A:$A,"<="&$H$1) -> 0 | V26: =W26+X26+Y26 -> 0 | W26: =SUMIFS(数据提取表!X:X,数据提取表!$B:$B,$A26,数据提取表!$A:$A,">="&$D$1,数据提取表!$A:$A,"<="&$H$1) -> 0 | X26: =SUMIFS(数据提取表!Y:Y,数据提取表!$B:$B,$A26,数据提取表!$A:$A,">="&$D$1,数据提取表!$A:$A,"<="&$H$1) -> 0 | Y26: =SUMIFS(数据提取表!Z:Z,数据提取表!$B:$B,$A26,数据提取表!$A:$A,">="&$D$1,数据提取表!$A:$A,"<="&$H$1) -> 0 | Z26: =SUMIFS(数据提取表!AA:AA,数据提取表!$B:$B,$A26,数据提取表!$A:$A,">="&$D$1,数据提取表!$A:$A,"<="&$H$1) -> 0 | AA26: =SUMIFS(数据提取表!AB:AB,数据提取表!$B:$B,$A26,数据提取表!$A:$A,">="&$D$1,数据提取表!$A:$A,"<="&$H$1)/$J$1 -> 1 | AB26: =Q26/(Q26+P26+H26) -> 0 | AC26: 0.001733479 | AD26: =P26/(P26+Q26+H26) -> 0 | AE26: 0.002036265 | AF26: =(P26+Q26+V26)/(G26-N26) -> 0 | AG26: =P26+Q26+V26 -> 0 | AH26: 20.2309 | AK26: 271.2966
A27: 风盛古日班风电一场 | B27: BO25 | C27: 风盛古日班 | D27: 335 | E27: {=SUMPRODUCT((计划电量!$K$2:$V$2>=自由分析表!$O$1)*(计划电量!$K$2:$V$2<=自由分析表!$Q$1)*计划电量!K28:V28)} -> 6720 | F27: =SUMIFS(数据提取表!G:G,数据提取表!$B:$B,$A27,数据提取表!$A:$A,">="&$D$1,数据提取表!$A:$A,"<="&$H$1)/$J$1 -> 8.41 | G27: =SUMIFS(数据提取表!H:H,数据提取表!$B:$B,$A27,数据提取表!$A:$A,">="&$D$1,数据提取表!$A:$A,"<="&$H$1) -> 736.4444 | H27: =SUMIFS(数据提取表!I:I,数据提取表!$B:$B,$A27,数据提取表!$A:$A,">="&$D$1,数据提取表!$A:$A,"<="&$H$1) -> 427.4358 | I27: =SUMIFS(数据提取表!J:J,数据提取表!$B:$B,$A27,数据提取表!$A:$A,">="&$D$1,数据提取表!$A:$A,"<="&$H$1) -> 418.88 | J27: =计划电量!F28 -> 83580 | K27: =I27/E27 -> 0.062333333 | L27: =I27/J27 -> 0.0050117253 | M27: =I27-E27 -> -6301.12 | N27: =SUMIFS(数据提取表!K:K,数据提取表!$B:$B,$A27,数据提取表!$A:$A,">="&$D$1,数据提取表!$A:$A,"<="&$H$1) -> 309.0086 | O27: =N27/G27 -> 0.41959529 | P27: =R27+U27 -> 0 | Q27: =S27+T27 -> 0 | R27: =SUMIFS(数据提取表!U:U,数据提取表!$B:$B,$A27,数据提取表!$A:$A,">="&$D$1,数据提取表!$A:$A,"<="&$H$1) -> 0 | S27: =SUMIFS(数据提取表!T:T,数据提取表!$B:$B,$A27,数据提取表!$A:$A,">="&$D$1,数据提取表!$A:$A,"<="&$H$1) -> 0 | T27: =SUMIFS(数据提取表!V:V,数据提取表!$B:$B,$A27,数据提取表!$A:$A,">="&$D$1,数据提取表!$A:$A,"<="&$H$1) -> 0 | U27: =SUMIFS(数据提取表!W:W,数据提取表!$B:$B,$A27,数据提取表!$A:$A,">="&$D$1,数据提取表!$A:$A,"<="&$H$1) -> 0 | V27: =W27+X27+Y27 -> 0 | W27: =SUMIFS(数据提取表!X:X,数据提取表!$B:$B,$A27,数据提取表!$A:$A,">="&$D$1,数据提取表!$A:$A,"<="&$H$1) -> 0 | X27: =SUMIFS(数据提取表!Y:Y,数据提取表!$B:$B,$A27,数据提取表!$A:$A,">="&$D$1,数据提取表!$A:$A,"<="&$H$1) -> 0 | Y27: =SUMIFS(数据提取表!Z:Z,数据提取表!$B:$B,$A27,数据提取表!$A:$A,">="&$D$1,数据提取表!$A:$A,"<="&$H$1) -> 0 | Z27: =SUMIFS(数据提取表!AA:AA,数据提取表!$B:$B,$A27,数据提取表!$A:$A,">="&$D$1,数据提取表!$A:$A,"<="&$H$1) -> 0 | AA27: =SUMIFS(数据提取表!AB:AB,数据提取表!$B:$B,$A27,数据提取表!$A:$A,">="&$D$1,数据提取表!$A:$A,"<="&$H$1)/$J$1 -> 1 | AB27: =Q27/(Q27+P27+H27) -> 0 | AC27: 0.0023438588 | AD27: =P27/(P27+Q27+H27) -> 0 | AE27: 0.0023667963 | AF27: =(P27+Q27+V27)/(G27-N27) -> 0 | AG27: =P27+Q27+V27 -> 0 | AH27: 6.3467 | AK27: 216.1119
A28: 新园古日班风电一场 | B28: BO26 | C28: 新园古日班 | D28: 250 | E28: {=SUMPRODUCT((计划电量!$K$2:$V$2>=自由分析表!$O$1)*(计划电量!$K$2:$V$2<=自由分析表!$Q$1)*计划电量!K29:V29)} -> 4629 | F28: =SUMIFS(数据提取表!G:G,数据提取表!$B:$B,$A28,数据提取表!$A:$A,">="&$D$1,数据提取表!$A:$A,"<="&$H$1)/$J$1 -> 8.21 | G28: =SUMIFS(数据提取表!H:H,数据提取表!$B:$B,$A28,数据提取表!$A:$A,">="&$D$1,数据提取表!$A:$A,"<="&$H$1) -> 461.2388 | H28: =SUMIFS(数据提取表!I:I,数据提取表!$B:$B,$A28,数据提取表!$A:$A,">="&$D$1,数据提取表!$A:$A,"<="&$H$1) -> 345.891 | I28: =SUMIFS(数据提取表!J:J,数据提取表!$B:$B,$A28,数据提取表!$A:$A,">="&$D$1,数据提取表!$A:$A,"<="&$H$1) -> 337.92 | J28: =计划电量!F29 -> 61280 | K28: =I28/E28 -> 0.073000648 | L28: =I28/J28 -> 0.0055143603 | M28: =I28-E28 -> -4291.08 | N28: =SUMIFS(数据提取表!K:K,数据提取表!$B:$B,$A28,数据提取表!$A:$A,">="&$D$1,数据提取表!$A:$A,"<="&$H$1) -> 115.3478 | O28: =N28/G28 -> 0.2500826 | P28: =R28+U28 -> 0 | Q28: =S28+T28 -> 0 | R28: =SUMIFS(数据提取表!U:U,数据提取表!$B:$B,$A28,数据提取表!$A:$A,">="&$D$1,数据提取表!$A:$A,"<="&$H$1) -> 0 | S28: =SUMIFS(数据提取表!T:T,数据提取表!$B:$B,$A28,数据提取表!$A:$A,">="&$D$1,数据提取表!$A:$A,"<="&$H$1) -> 0 | T28: =SUMIFS(数据提取表!V:V,数据提取表!$B:$B,$A28,数据提取表!$A:$A,">="&$D$1,数据提取表!$A:$A,"<="&$H$1) -> 0 | U28: =SUMIFS(数据提取表!W:W,数据提取表!$B:$B,$A28,数据提取表!$A:$A,">="&$D$1,数据提取表!$A:$A,"<="&$H$1) -> 0 | V28: =W28+X28+Y28 -> 0 | W28: =SUMIFS(数据提取表!X:X,数据提取表!$B:$B,$A28,数据提取表!$A:$A,">="&$D$1,数据提取表!$A:$A,"<="&$H$1) -> 0 | X28: =SUMIFS(数据提取表!Y:Y,数据提取表!$B:$B,$A28,数据提取表!$A:$A,">="&$D$1,数据提取表!$A:$A,"<="&$H$1) -> 0 | Y28: =SUMIFS(数据提取表!Z:Z,数据提取表!$B:$B,$A28,数据提取表!$A:$A,">="&$D$1,数据提取表!$A:$A,"<="&$H$1) -> 0 | Z28: =SUMIFS(数据提取表!AA:AA,数据提取表!$B:$B,$A28,数据提取表!$A:$A,">="&$D$1,数据提取表!$A:$A,"<="&$H$1) -> 0 | AA28: =SUMIFS(数据提取表!AB:AB,数据提取表!$B:$B,$A28,数据提取表!$A:$A,">="&$D$1,数据提取表!$A:$A,"<="&$H$1)/$J$1 -> 1 | AB28: =Q28/(Q28+P28+H28) -> 0 | AC28: 0.0025728603 | AD28: =P28/(P28+Q28+H28) -> 0 | AE28: 0.0023363203 | AF28: =(P28+Q28+V28)/(G28-N28) -> 0 | AG28: =P28+Q28+V28 -> 0 | AH28: 4.3998 | AK28: 288.2715
A29: 新隆砬子山风电 | B29: BO27 | C29: 丰宁砬子山 | D29: 60 | E29: {=SUMPRODUCT((计划电量!$K$2:$V$2>=自由分析表!$O$1)*(计划电量!$K$2:$V$2<=自由分析表!$Q$1)*计划电量!K30:V30)} -> 1011 | F29: =SUMIFS(数据提取表!G:G,数据提取表!$B:$B,$A29,数据提取表!$A:$A,">="&$D$1,数据提取表!$A:$A,"<="&$H$1)/$J$1 -> 4.995 | G29: =SUMIFS(数据提取表!H:H,数据提取表!$B:$B,$A29,数据提取表!$A:$A,">="&$D$1,数据提取表!$A:$A,"<="&$H$1) -> 82.3135 | H29: =SUMIFS(数据提取表!I:I,数据提取表!$B:$B,$A29,数据提取表!$A:$A,">="&$D$1,数据提取表!$A:$A,"<="&$H$1) -> 82.3135 | I29: =SUMIFS(数据提取表!J:J,数据提取表!$B:$B,$A29,数据提取表!$A:$A,">="&$D$1,数据提取表!$A:$A,"<="&$H$1) -> 80.85 | J29: =计划电量!F30 -> 14049 | K29: =I29/E29 -> 0.079970326 | L29: =I29/J29 -> 0.005754858 | M29: =I29-E29 -> -930.15 | N29: =SUMIFS(数据提取表!K:K,数据提取表!$B:$B,$A29,数据提取表!$A:$A,">="&$D$1,数据提取表!$A:$A,"<="&$H$1) -> 0 | O29: =N29/G29 -> 0 | P29: =R29+U29 -> 0 | Q29: =S29+T29 -> 0 | R29: =SUMIFS(数据提取表!U:U,数据提取表!$B:$B,$A29,数据提取表!$A:$A,">="&$D$1,数据提取表!$A:$A,"<="&$H$1) -> 0 | S29: =SUMIFS(数据提取表!T:T,数据提取表!$B:$B,$A29,数据提取表!$A:$A,">="&$D$1,数据提取表!$A:$A,"<="&$H$1) -> 0 | T29: =SUMIFS(数据提取表!V:V,数据提取表!$B:$B,$A29,数据提取表!$A:$A,">="&$D$1,数据提取表!$A:$A,"<="&$H$1) -> 0 | U29: =SUMIFS(数据提取表!W:W,数据提取表!$B:$B,$A29,数据提取表!$A:$A,">="&$D$1,数据提取表!$A:$A,"<="&$H$1) -> 0 | V29: =W29+X29+Y29 -> 0 | W29: =SUMIFS(数据提取表!X:X,数据提取表!$B:$B,$A29,数据提取表!$A:$A,">="&$D$1,数据提取表!$A:$A,"<="&$H$1) -> 0 | X29: =SUMIFS(数据提取表!Y:Y,数据提取表!$B:$B,$A29,数据提取表!$A:$A,">="&$D$1,数据提取表!$A:$A,"<="&$H$1) -> 0 | Y29: =SUMIFS(数据提取表!Z:Z,数据提取表!$B:$B,$A29,数据提取表!$A:$A,">="&$D$1,数据提取表!$A:$A,"<="&$H$1) -> 0 | Z29: =SUMIFS(数据提取表!AA:AA,数据提取表!$B:$B,$A29,数据提取表!$A:$A,">="&$D$1,数据提取表!$A:$A,"<="&$H$1) -> 0 | AA29: =SUMIFS(数据提取表!AB:AB,数据提取表!$B:$B,$A29,数据提取表!$A:$A,">="&$D$1,数据提取表!$A:$A,"<="&$H$1)/$J$1 -> 1 | AB29: =Q29/(Q29+P29+H29) -> 0 | AC29: 0.0023 | AD29: =P29/(P29+Q29+H29) -> 0 | AE29: 0.0012 | AF29: =(P29+Q29+V29)/(G29-N29) -> 0 | AG29: =P29+Q29+V29 -> 0 | AH29: 2.2482 | AK29: 50.541166
A30: 福合风电场 | B30: BO28 | C30: 西丰福合 | D30: 100 | E30: {=SUMPRODUCT((计划电量!$K$2:$V$2>=自由分析表!$O$1)*(计划电量!$K$2:$V$2<=自由分析表!$Q$1)*计划电量!K31:V31)} -> 2214 | F30: =SUMIFS(数据提取表!G:G,数据提取表!$B:$B,$A30,数据提取表!$A:$A,">="&$D$1,数据提取表!$A:$A,"<="&$H$1)/$J$1 -> 7.685 | G30: =SUMIFS(数据提取表!H:H,数据提取表!$B:$B,$A30,数据提取表!$A:$A,">="&$D$1,数据提取表!$A:$A,"<="&$H$1) -> 294.4073 | H30: =SUMIFS(数据提取表!I:I,数据提取表!$B:$B,$A30,数据提取表!$A:$A,">="&$D$1,数据提取表!$A:$A,"<="&$H$1) -> 216.0406 | I30: =SUMIFS(数据提取表!J:J,数据提取表!$B:$B,$A30,数据提取表!$A:$A,">="&$D$1,数据提取表!$A:$A,"<="&$H$1) -> 212.256 | J30: =计划电量!F31 -> 25315 | K30: =I30/E30 -> 0.095869919 | L30: =I30/J30 -> 0.0083845941 | M30: =I30-E30 -> -2001.744 | N30: =SUMIFS(数据提取表!K:K,数据提取表!$B:$B,$A30,数据提取表!$A:$A,">="&$D$1,数据提取表!$A:$A,"<="&$H$1) -> 78.3667 | O30: =N30/G30 -> 0.26618464 | P30: =R30+U30 -> 0 | Q30: =S30+T30 -> 0 | R30: =SUMIFS(数据提取表!U:U,数据提取表!$B:$B,$A30,数据提取表!$A:$A,">="&$D$1,数据提取表!$A:$A,"<="&$H$1) -> 0 | S30: =SUMIFS(数据提取表!T:T,数据提取表!$B:$B,$A30,数据提取表!$A:$A,">="&$D$1,数据提取表!$A:$A,"<="&$H$1) -> 0 | T30: =SUMIFS(数据提取表!V:V,数据提取表!$B:$B,$A30,数据提取表!$A:$A,">="&$D$1,数据提取表!$A:$A,"<="&$H$1) -> 0 | U30: =SUMIFS(数据提取表!W:W,数据提取表!$B:$B,$A30,数据提取表!$A:$A,">="&$D$1,数据提取表!$A:$A,"<="&$H$1) -> 0 | V30: =W30+X30+Y30 -> 0 | W30: =SUMIFS(数据提取表!X:X,数据提取表!$B:$B,$A30,数据提取表!$A:$A,">="&$D$1,数据提取表!$A:$A,"<="&$H$1) -> 0 | X30: =SUMIFS(数据提取表!Y:Y,数据提取表!$B:$B,$A30,数据提取表!$A:$A,">="&$D$1,数据提取表!$A:$A,"<="&$H$1) -> 0 | Y30: =SUMIFS(数据提取表!Z:Z,数据提取表!$B:$B,$A30,数据提取表!$A:$A,">="&$D$1,数据提取表!$A:$A,"<="&$H$1) -> 0 | Z30: =SUMIFS(数据提取表!AA:AA,数据提取表!$B:$B,$A30,数据提取表!$A:$A,">="&$D$1,数据提取表!$A:$A,"<="&$H$1) -> 0 | AA30: =SUMIFS(数据提取表!AB:AB,数据提取表!$B:$B,$A30,数据提取表!$A:$A,">="&$D$1,数据提取表!$A:$A,"<="&$H$1)/$J$1 -> 1 | AB30: =Q30/(Q30+P30+H30) -> 0 | AC30: 0.004 | AD30: =P30/(P30+Q30+H30) -> 0 | AE30: 0.010710816 | AF30: =(P30+Q30+V30)/(G30-N30) -> 0 | AG30: =P30+Q30+V30 -> 0 | AH30: 52.9593 | AK30: 345.6546
A31: 光炽将军尧储能电站 | B31: BO29 | C31: 土右光炽将军尧 | D31: 378 | E31: {=SUMPRODUCT((计划电量!$K$2:$V$2>=自由分析表!$O$1)*(计划电量!$K$2:$V$2<=自由分析表!$Q$1)*计划电量!K32:V32)} -> 4972 | F31: =SUMIFS(数据提取表!F:F,数据提取表!$B:$B,$A31,数据提取表!$A:$A,">="&$D$1,数据提取表!$A:$A,"<="&$H$1) -> 14.19 | G31: =SUMIFS(数据提取表!H:H,数据提取表!$B:$B,$A31,数据提取表!$A:$A,">="&$D$1,数据提取表!$A:$A,"<="&$H$1) -> 479.8859 | H31: =SUMIFS(数据提取表!I:I,数据提取表!$B:$B,$A31,数据提取表!$A:$A,">="&$D$1,数据提取表!$A:$A,"<="&$H$1) -> 461.607 | I31: =SUMIFS(数据提取表!J:J,数据提取表!$B:$B,$A31,数据提取表!$A:$A,">="&$D$1,数据提取表!$A:$A,"<="&$H$1) -> 451.902 | J31: =计划电量!F32 -> 57321 | K31: =I31/E31 -> 0.090889381 | L31: =I31/J31 -> 0.0078837075 | M31: =I31-E31 -> -4520.098 | N31: =SUMIFS(数据提取表!K:K,数据提取表!$B:$B,$A31,数据提取表!$A:$A,">="&$D$1,数据提取表!$A:$A,"<="&$H$1) -> 17.1153 | O31: =N31/G31 -> 0.035665353 | P31: =R31+U31 -> 0 | Q31: =S31+T31 -> 0.031 | R31: =SUMIFS(数据提取表!U:U,数据提取表!$B:$B,$A31,数据提取表!$A:$A,">="&$D$1,数据提取表!$A:$A,"<="&$H$1) -> 0 | S31: =SUMIFS(数据提取表!T:T,数据提取表!$B:$B,$A31,数据提取表!$A:$A,">="&$D$1,数据提取表!$A:$A,"<="&$H$1) -> 0.031 | T31: =SUMIFS(数据提取表!V:V,数据提取表!$B:$B,$A31,数据提取表!$A:$A,">="&$D$1,数据提取表!$A:$A,"<="&$H$1) -> 0 | U31: =SUMIFS(数据提取表!W:W,数据提取表!$B:$B,$A31,数据提取表!$A:$A,">="&$D$1,数据提取表!$A:$A,"<="&$H$1) -> 0 | V31: =W31+X31+Y31 -> 0 | W31: =SUMIFS(数据提取表!X:X,数据提取表!$B:$B,$A31,数据提取表!$A:$A,">="&$D$1,数据提取表!$A:$A,"<="&$H$1) -> 0 | X31: =SUMIFS(数据提取表!Y:Y,数据提取表!$B:$B,$A31,数据提取表!$A:$A,">="&$D$1,数据提取表!$A:$A,"<="&$H$1) -> 0 | Y31: =SUMIFS(数据提取表!Z:Z,数据提取表!$B:$B,$A31,数据提取表!$A:$A,">="&$D$1,数据提取表!$A:$A,"<="&$H$1) -> 0 | Z31: =SUMIFS(数据提取表!AA:AA,数据提取表!$B:$B,$A31,数据提取表!$A:$A,">="&$D$1,数据提取表!$A:$A,"<="&$H$1) -> 0 | AA31: =SUMIFS(数据提取表!AB:AB,数据提取表!$B:$B,$A31,数据提取表!$A:$A,">="&$D$1,数据提取表!$A:$A,"<="&$H$1)/$J$1 -> 1 | AB31: =Q31/(Q31+P31+H31) -> 6.7152184e-05 | AC31: 0.001 | AD31: =P31/(P31+Q31+H31) -> 0 | AE31: 0.0058779025 | AF31: =(P31+Q31+V31)/(G31-N31) -> 6.6987834e-05 | AG31: =P31+Q31+V31 -> 0.031 | AH31: 11.4721 | AK31: 14.7121
A32: 天津武清白古屯风电场 | B32: BO30 | C32: 武清白古屯 | D32: 33 | E32: {=SUMPRODUCT((计划电量!$K$2:$V$2>=自由分析表!$O$1)*(计划电量!$K$2:$V$2<=自由分析表!$Q$1)*计划电量!K33:V33)} -> 1121 | F32: =SUMIFS(数据提取表!G:G,数据提取表!$B:$B,$A32,数据提取表!$A:$A,">="&$D$1,数据提取表!$A:$A,"<="&$H$1)/$J$1 -> 6.255 | G32: =SUMIFS(数据提取表!H:H,数据提取表!$B:$B,$A32,数据提取表!$A:$A,">="&$D$1,数据提取表!$A:$A,"<="&$H$1) -> 79.1453 | H32: =SUMIFS(数据提取表!I:I,数据提取表!$B:$B,$A32,数据提取表!$A:$A,">="&$D$1,数据提取表!$A:$A,"<="&$H$1) -> 77.6838 | I32: =SUMIFS(数据提取表!J:J,数据提取表!$B:$B,$A32,数据提取表!$A:$A,">="&$D$1,数据提取表!$A:$A,"<="&$H$1) -> 76.56 | J32: =计划电量!F33 -> 7604 | K32: =I32/E32 -> 0.068296164 | L32: =I32/J32 -> 0.010068385 | M32: =I32-E32 -> -1044.44 | N32: =SUMIFS(数据提取表!K:K,数据提取表!$B:$B,$A32,数据提取表!$A:$A,">="&$D$1,数据提取表!$A:$A,"<="&$H$1) -> 1.2413 | O32: =N32/G32 -> 0.015683812 | P32: =R32+U32 -> 0 | Q32: =S32+T32 -> 0 | R32: =SUMIFS(数据提取表!U:U,数据提取表!$B:$B,$A32,数据提取表!$A:$A,">="&$D$1,数据提取表!$A:$A,"<="&$H$1) -> 0 | S32: =SUMIFS(数据提取表!T:T,数据提取表!$B:$B,$A32,数据提取表!$A:$A,">="&$D$1,数据提取表!$A:$A,"<="&$H$1) -> 0 | T32: =SUMIFS(数据提取表!V:V,数据提取表!$B:$B,$A32,数据提取表!$A:$A,">="&$D$1,数据提取表!$A:$A,"<="&$H$1) -> 0 | U32: =SUMIFS(数据提取表!W:W,数据提取表!$B:$B,$A32,数据提取表!$A:$A,">="&$D$1,数据提取表!$A:$A,"<="&$H$1) -> 0 | V32: =W32+X32+Y32 -> 0 | W32: =SUMIFS(数据提取表!X:X,数据提取表!$B:$B,$A32,数据提取表!$A:$A,">="&$D$1,数据提取表!$A:$A,"<="&$H$1) -> 0 | X32: =SUMIFS(数据提取表!Y:Y,数据提取表!$B:$B,$A32,数据提取表!$A:$A,">="&$D$1,数据提取表!$A:$A,"<="&$H$1) -> 0 | Y32: =SUMIFS(数据提取表!Z:Z,数据提取表!$B:$B,$A32,数据提取表!$A:$A,">="&$D$1,数据提取表!$A:$A,"<="&$H$1) -> 0 | Z32: =SUMIFS(数据提取表!AA:AA,数据提取表!$B:$B,$A32,数据提取表!$A:$A,">="&$D$1,数据提取表!$A:$A,"<="&$H$1) -> 0 | AA32: =SUMIFS(数据提取表!AB:AB,数据提取表!$B:$B,$A32,数据提取表!$A:$A,">="&$D$1,数据提取表!$A:$A,"<="&$H$1)/$J$1 -> 1 | AB32: =Q32/(Q32+P32+H32) -> 0 | AC32: / | AD32: =P32/(P32+Q32+H32) -> 0 | AE32: / | AF32: =(P32+Q32+V32)/(G32-N32) -> 0
B33: BO31 | C33: 武清二期 | D33: 48 | E33: {=SUMPRODUCT((计划电量!$K$2:$V$2>=自由分析表!$O$1)*(计划电量!$K$2:$V$2<=自由分析表!$Q$1)*计划电量!K34:V34)} -> 0 | F33: =SUMIFS(数据提取表!G:G,数据提取表!$B:$B,$A33,数据提取表!$A:$A,">="&$D$1,数据提取表!$A:$A,"<="&$H$1) -> 0 | G33: =SUMIFS(数据提取表!H:H,数据提取表!$B:$B,$A33,数据提取表!$A:$A,">="&$D$1,数据提取表!$A:$A,"<="&$H$1) -> 0 | H33: =SUMIFS(数据提取表!I:I,数据提取表!$B:$B,$A33,数据提取表!$A:$A,">="&$D$1,数据提取表!$A:$A,"<="&$H$1) -> 0 | I33: =SUMIFS(数据提取表!J:J,数据提取表!$B:$B,$A33,数据提取表!$A:$A,">="&$D$1,数据提取表!$A:$A,"<="&$H$1) -> 0 | J33: =计划电量!F34 -> 2912 | K33: =I33/E33 -> #DIV/0! | L33: =I33/J33 -> 0 | M33: =I33-E33 -> 0 | N33: =SUMIFS(数据提取表!K:K,数据提取表!$B:$B,$A33,数据提取表!$A:$A,">="&$D$1,数据提取表!$A:$A,"<="&$H$1) -> 0 | O33: =N33/G33 -> #DIV/0! | P33: =R33+U33 -> 0 | Q33: =S33+T33 -> 0 | R33: =SUMIFS(数据提取表!U:U,数据提取表!$B:$B,$A33,数据提取表!$A:$A,">="&$D$1,数据提取表!$A:$A,"<="&$H$1) -> 0 | S33: =SUMIFS(数据提取表!T:T,数据提取表!$B:$B,$A33,数据提取表!$A:$A,">="&$D$1,数据提取表!$A:$A,"<="&$H$1) -> 0 | T33: =SUMIFS(数据提取表!V:V,数据提取表!$B:$B,$A33,数据提取表!$A:$A,">="&$D$1,数据提取表!$A:$A,"<="&$H$1) -> 0 | U33: =SUMIFS(数据提取表!W:W,数据提取表!$B:$B,$A33,数据提取表!$A:$A,">="&$D$1,数据提取表!$A:$A,"<="&$H$1) -> 0 | V33: =W33+X33+Y33 -> 0 | W33: =SUMIFS(数据提取表!X:X,数据提取表!$B:$B,$A33,数据提取表!$A:$A,">="&$D$1,数据提取表!$A:$A,"<="&$H$1) -> 0 | X33: =SUMIFS(数据提取表!Y:Y,数据提取表!$B:$B,$A33,数据提取表!$A:$A,">="&$D$1,数据提取表!$A:$A,"<="&$H$1) -> 0 | Y33: =SUMIFS(数据提取表!Z:Z,数据提取表!$B:$B,$A33,数据提取表!$A:$A,">="&$D$1,数据提取表!$A:$A,"<="&$H$1) -> 0 | Z33: =SUMIFS(数据提取表!AA:AA,数据提取表!$B:$B,$A33,数据提取表!$A:$A,">="&$D$1,数据提取表!$A:$A,"<="&$H$1) -> 0 | AA33: =SUMIFS(数据提取表!AB:AB,数据提取表!$B:$B,$A33,数据提取表!$A:$A,">="&$D$1,数据提取表!$A:$A,"<="&$H$1)/$J$1 -> 0 | AB33: / | AC33: / | AD33: / | AE33: / | AF33: / | AG33: =P33+Q33+V33 -> 0
B34: BO32 | C34: 新隆光伏 | D34: 100 | E34: {=SUMPRODUCT((计划电量!$K$2:$V$2>=自由分析表!$O$1)*(计划电量!$K$2:$V$2<=自由分析表!$Q$1)*计划电量!K35:V35)} -> 0 | F34: =SUMIFS(数据提取表!F:F,数据提取表!$B:$B,$A34,数据提取表!$A:$A,">="&$D$1,数据提取表!$A:$A,"<="&$H$1) -> 0 | G34: =SUMIFS(数据提取表!H:H,数据提取表!$B:$B,$A34,数据提取表!$A:$A,">="&$D$1,数据提取表!$A:$A,"<="&$H$1) -> 0 | H34: =SUMIFS(数据提取表!I:I,数据提取表!$B:$B,$A34,数据提取表!$A:$A,">="&$D$1,数据提取表!$A:$A,"<="&$H$1) -> 0 | I34: =SUMIFS(数据提取表!J:J,数据提取表!$B:$B,$A34,数据提取表!$A:$A,">="&$D$1,数据提取表!$A:$A,"<="&$H$1) -> 0 | J34: =计划电量!F35 -> 4555 | K34: =I34/E34 -> #DIV/0! | L34: =I34/J34 -> 0 | M34: =I34-E34 -> 0 | N34: =SUMIFS(数据提取表!K:K,数据提取表!$B:$B,$A34,数据提取表!$A:$A,">="&$D$1,数据提取表!$A:$A,"<="&$H$1) -> 0 | O34: =N34/G34 -> #DIV/0! | P34: =R34+U34 -> 0 | Q34: =S34+T34 -> 0 | R34: =SUMIFS(数据提取表!U:U,数据提取表!$B:$B,$A34,数据提取表!$A:$A,">="&$D$1,数据提取表!$A:$A,"<="&$H$1) -> 0 | S34: =SUMIFS(数据提取表!T:T,数据提取表!$B:$B,$A34,数据提取表!$A:$A,">="&$D$1,数据提取表!$A:$A,"<="&$H$1) -> 0 | T34: =SUMIFS(数据提取表!V:V,数据提取表!$B:$B,$A34,数据提取表!$A:$A,">="&$D$1,数据提取表!$A:$A,"<="&$H$1) -> 0 | U34: =SUMIFS(数据提取表!W:W,数据提取表!$B:$B,$A34,数据提取表!$A:$A,">="&$D$1,数据提取表!$A:$A,"<="&$H$1) -> 0 | V34: =W34+X34+Y34 -> 0 | W34: =SUMIFS(数据提取表!X:X,数据提取表!$B:$B,$A34,数据提取表!$A:$A,">="&$D$1,数据提取表!$A:$A,"<="&$H$1) -> 0 | X34: =SUMIFS(数据提取表!Y:Y,数据提取表!$B:$B,$A34,数据提取表!$A:$A,">="&$D$1,数据提取表!$A:$A,"<="&$H$1) -> 0 | Y34: =SUMIFS(数据提取表!Z:Z,数据提取表!$B:$B,$A34,数据提取表!$A:$A,">="&$D$1,数据提取表!$A:$A,"<="&$H$1) -> 0 | Z34: =SUMIFS(数据提取表!AA:AA,数据提取表!$B:$B,$A34,数据提取表!$A:$A,">="&$D$1,数据提取表!$A:$A,"<="&$H$1) -> 0 | AA34: =SUMIFS(数据提取表!AB:AB,数据提取表!$B:$B,$A34,数据提取表!$A:$A,">="&$D$1,数据提取表!$A:$A,"<="&$H$1)/$J$1 -> 0 | AB34: / | AC34: / | AD34: / | AE34: / | AF34: / | AG34: =P34+Q34+V34 -> 0
B35: BO33 | C35: 上谷光伏 | D35: 200 | E35: {=SUMPRODUCT((计划电量!$K$2:$V$2>=自由分析表!$O$1)*(计划电量!$K$2:$V$2<=自由分析表!$Q$1)*计划电量!K36:V36)} -> 0 | F35: =SUMIFS(数据提取表!F:F,数据提取表!$B:$B,$A35,数据提取表!$A:$A,">="&$D$1,数据提取表!$A:$A,"<="&$H$1) -> 0 | G35: =SUMIFS(数据提取表!H:H,数据提取表!$B:$B,$A35,数据提取表!$A:$A,">="&$D$1,数据提取表!$A:$A,"<="&$H$1) -> 0 | H35: =SUMIFS(数据提取表!I:I,数据提取表!$B:$B,$A35,数据提取表!$A:$A,">="&$D$1,数据提取表!$A:$A,"<="&$H$1) -> 0 | I35: =SUMIFS(数据提取表!J:J,数据提取表!$B:$B,$A35,数据提取表!$A:$A,">="&$D$1,数据提取表!$A:$A,"<="&$H$1) -> 0 | J35: =计划电量!F36 -> 7411 | K35: =I35/E35 -> #DIV/0! | L35: =I35/J35 -> 0 | M35: =I35-E35 -> 0 | N35: =SUMIFS(数据提取表!K:K,数据提取表!$B:$B,$A35,数据提取表!$A:$A,">="&$D$1,数据提取表!$A:$A,"<="&$H$1) -> 0 | O35: =N35/G35 -> #DIV/0! | P35: =R35+U35 -> 0 | Q35: =S35+T35 -> 0 | R35: =SUMIFS(数据提取表!U:U,数据提取表!$B:$B,$A35,数据提取表!$A:$A,">="&$D$1,数据提取表!$A:$A,"<="&$H$1) -> 0 | S35: =SUMIFS(数据提取表!T:T,数据提取表!$B:$B,$A35,数据提取表!$A:$A,">="&$D$1,数据提取表!$A:$A,"<="&$H$1) -> 0 | T35: =SUMIFS(数据提取表!V:V,数据提取表!$B:$B,$A35,数据提取表!$A:$A,">="&$D$1,数据提取表!$A:$A,"<="&$H$1) -> 0 | U35: =SUMIFS(数据提取表!W:W,数据提取表!$B:$B,$A35,数据提取表!$A:$A,">="&$D$1,数据提取表!$A:$A,"<="&$H$1) -> 0 | V35: =W35+X35+Y35 -> 0 | W35: =SUMIFS(数据提取表!X:X,数据提取表!$B:$B,$A35,数据提取表!$A:$A,">="&$D$1,数据提取表!$A:$A,"<="&$H$1) -> 0 | X35: =SUMIFS(数据提取表!Y:Y,数据提取表!$B:$B,$A35,数据提取表!$A:$A,">="&$D$1,数据提取表!$A:$A,"<="&$H$1) -> 0 | Y35: =SUMIFS(数据提取表!Z:Z,数据提取表!$B:$B,$A35,数据提取表!$A:$A,">="&$D$1,数据提取表!$A:$A,"<="&$H$1) -> 0 | Z35: =SUMIFS(数据提取表!AA:AA,数据提取表!$B:$B,$A35,数据提取表!$A:$A,">="&$D$1,数据提取表!$A:$A,"<="&$H$1) -> 0 | AA35: =SUMIFS(数据提取表!AB:AB,数据提取表!$B:$B,$A35,数据提取表!$A:$A,">="&$D$1,数据提取表!$A:$A,"<="&$H$1)/$J$1 -> 0 | AB35: / | AC35: / | AD35: / | AE35: / | AF35: / | AG35: =P35+Q35+V35 -> 0
A36: 特变雅满苏光伏一电站 | B36: BO34 | C36: 雅满苏 | D36: 150 | E36: {=SUMPRODUCT((计划电量!$K$2:$V$2>=自由分析表!$O$1)*(计划电量!$K$2:$V$2<=自由分析表!$Q$1)*计划电量!K38:V38)} -> 2355 | F36: =SUMIFS(数据提取表!F:F,数据提取表!$B:$B,$A36,数据提取表!$A:$A,">="&$D$1,数据提取表!$A:$A,"<="&$H$1) -> 15.48 | G36: =SUMIFS(数据提取表!H:H,数据提取表!$B:$B,$A36,数据提取表!$A:$A,">="&$D$1,数据提取表!$A:$A,"<="&$H$1) -> 191.0713 | H36: =SUMIFS(数据提取表!I:I,数据提取表!$B:$B,$A36,数据提取表!$A:$A,">="&$D$1,数据提取表!$A:$A,"<="&$H$1) -> 190.8816 | I36: =SUMIFS(数据提取表!J:J,数据提取表!$B:$B,$A36,数据提取表!$A:$A,">="&$D$1,数据提取表!$A:$A,"<="&$H$1) -> 189.525 | J36: =计划电量!F38 -> 25455.6 | K36: =I36/E36 -> 0.080477707 | L36: =I36/J36 -> 0.0074453166 | M36: =I36-E36 -> -2165.475 | N36: =SUMIFS(数据提取表!K:K,数据提取表!$B:$B,$A36,数据提取表!$A:$A,">="&$D$1,数据提取表!$A:$A,"<="&$H$1) -> 0 | O36: =N36/G36 -> 0 | P36: =R36+U36 -> 0 | Q36: =S36+T36 -> 0.1897 | R36: =SUMIFS(数据提取表!U:U,数据提取表!$B:$B,$A36,数据提取表!$A:$A,">="&$D$1,数据提取表!$A:$A,"<="&$H$1) -> 0 | S36: =SUMIFS(数据提取表!T:T,数据提取表!$B:$B,$A36,数据提取表!$A:$A,">="&$D$1,数据提取表!$A:$A,"<="&$H$1) -> 0.1897 | T36: =SUMIFS(数据提取表!V:V,数据提取表!$B:$B,$A36,数据提取表!$A:$A,">="&$D$1,数据提取表!$A:$A,"<="&$H$1) -> 0 | U36: =SUMIFS(数据提取表!W:W,数据提取表!$B:$B,$A36,数据提取表!$A:$A,">="&$D$1,数据提取表!$A:$A,"<="&$H$1) -> 0 | V36: =W36+X36+Y36 -> 0 | W36: =SUMIFS(数据提取表!X:X,数据提取表!$B:$B,$A36,数据提取表!$A:$A,">="&$D$1,数据提取表!$A:$A,"<="&$H$1) -> 0 | X36: =SUMIFS(数据提取表!Y:Y,数据提取表!$B:$B,$A36,数据提取表!$A:$A,">="&$D$1,数据提取表!$A:$A,"<="&$H$1) -> 0 | Y36: =SUMIFS(数据提取表!Z:Z,数据提取表!$B:$B,$A36,数据提取表!$A:$A,">="&$D$1,数据提取表!$A:$A,"<="&$H$1) -> 0 | Z36: =SUMIFS(数据提取表!AA:AA,数据提取表!$B:$B,$A36,数据提取表!$A:$A,">="&$D$1,数据提取表!$A:$A,"<="&$H$1) -> 0 | AA36: =SUMIFS(数据提取表!AB:AB,数据提取表!$B:$B,$A36,数据提取表!$A:$A,">="&$D$1,数据提取表!$A:$A,"<="&$H$1)/$J$1 -> 0.99965 | AB36: =Q36/(Q36+P36+H36) -> 0.0009928231 | AC36: 0.0049 | AD36: =P36/(P36+Q36+H36) -> 0 | AE36: 0.0007 | AF36: =(P36+Q36+V36)/(G36-N36) -> 0.0009928231 | AG36: =P36+Q36+V36 -> 0.1897 | AH36: 2.5405 | AK36: 19.4994
A37: 特变思甜东风电一场 | B37: BO35 | C37: 景峡思甜东 | D37: 200 | E37: {=SUMPRODUCT((计划电量!$K$2:$V$2>=自由分析表!$O$1)*(计划电量!$K$2:$V$2<=自由分析表!$Q$1)*计划电量!K39:V39)} -> 4430 | F37: =SUMIFS(数据提取表!G:G,数据提取表!$B:$B,$A37,数据提取表!$A:$A,">="&$D$1,数据提取表!$A:$A,"<="&$H$1)/$J$1 -> 3.74 | G37: =SUMIFS(数据提取表!H:H,数据提取表!$B:$B,$A37,数据提取表!$A:$A,">="&$D$1,数据提取表!$A:$A,"<="&$H$1) -> 77.5718 | H37: =SUMIFS(数据提取表!I:I,数据提取表!$B:$B,$A37,数据提取表!$A:$A,">="&$D$1,数据提取表!$A:$A,"<="&$H$1) -> 68.5368 | I37: =SUMIFS(数据提取表!J:J,数据提取表!$B:$B,$A37,数据提取表!$A:$A,">="&$D$1,数据提取表!$A:$A,"<="&$H$1) -> 65.34 | J37: =计划电量!F39 -> 45530 | K37: =I37/E37 -> 0.014749436 | L37: =I37/J37 -> 0.0014350977 | M37: =I37-E37 -> -4364.66 | N37: =SUMIFS(数据提取表!K:K,数据提取表!$B:$B,$A37,数据提取表!$A:$A,">="&$D$1,数据提取表!$A:$A,"<="&$H$1) -> 8.9025 | O37: =N37/G37 -> 0.11476464 | P37: =R37+U37 -> 0.1325 | Q37: =S37+T37 -> 0 | R37: =SUMIFS(数据提取表!U:U,数据提取表!$B:$B,$A37,数据提取表!$A:$A,">="&$D$1,数据提取表!$A:$A,"<="&$H$1) -> 0.1325 | S37: =SUMIFS(数据提取表!T:T,数据提取表!$B:$B,$A37,数据提取表!$A:$A,">="&$D$1,数据提取表!$A:$A,"<="&$H$1) -> 0 | T37: =SUMIFS(数据提取表!V:V,数据提取表!$B:$B,$A37,数据提取表!$A:$A,">="&$D$1,数据提取表!$A:$A,"<="&$H$1) -> 0 | U37: =SUMIFS(数据提取表!W:W,数据提取表!$B:$B,$A37,数据提取表!$A:$A,">="&$D$1,数据提取表!$A:$A,"<="&$H$1) -> 0 | V37: =W37+X37+Y37 -> 0 | W37: =SUMIFS(数据提取表!X:X,数据提取表!$B:$B,$A37,数据提取表!$A:$A,">="&$D$1,数据提取表!$A:$A,"<="&$H$1) -> 0 | X37: =SUMIFS(数据提取表!Y:Y,数据提取表!$B:$B,$A37,数据提取表!$A:$A,">="&$D$1,数据提取表!$A:$A,"<="&$H$1) -> 0 | Y37: =SUMIFS(数据提取表!Z:Z,数据提取表!$B:$B,$A37,数据提取表!$A:$A,">="&$D$1,数据提取表!$A:$A,"<="&$H$1) -> 0 | Z37: =SUMIFS(数据提取表!AA:AA,数据提取表!$B:$B,$A37,数据提取表!$A:$A,">="&$D$1,数据提取表!$A:$A,"<="&$H$1) -> 0 | AA37: =SUMIFS(数据提取表!AB:AB,数据提取表!$B:$B,$A37,数据提取表!$A:$A,">="&$D$1,数据提取表!$A:$A,"<="&$H$1)/$J$1 -> 1 | AB37: =Q37/(Q37+P37+H37) -> 0 | AC37: 0.004 | AD37: =P37/(P37+Q37+H37) -> 0.0019295377 | AE37: 0.0045860729 | AF37: =(P37+Q37+V37)/(G37-N37) -> 0.0019295377 | AG37: =P37+Q37+V37 -> 0.1325 | AH37: 42.9838 | AK37: 95.3795
A38: 中闽木垒大石头200MW风电一场 | B38: BO36 | C38: 中闽大石头 | D38: 200 | E38: {=SUMPRODUCT((计划电量!$K$2:$V$2>=自由分析表!$O$1)*(计划电量!$K$2:$V$2<=自由分析表!$Q$1)*计划电量!K40:V40)} -> 5863 | F38: =SUMIFS(数据提取表!G:G,数据提取表!$B:$B,$A38,数据提取表!$A:$A,">="&$D$1,数据提取表!$A:$A,"<="&$H$1)/$J$1 -> 5.6 | G38: =SUMIFS(数据提取表!H:H,数据提取表!$B:$B,$A38,数据提取表!$A:$A,">="&$D$1,数据提取表!$A:$A,"<="&$H$1) -> 261.6502 | H38: =SUMIFS(数据提取表!I:I,数据提取表!$B:$B,$A38,数据提取表!$A:$A,">="&$D$1,数据提取表!$A:$A,"<="&$H$1) -> 199.309 | I38: =SUMIFS(数据提取表!J:J,数据提取表!$B:$B,$A38,数据提取表!$A:$A,">="&$D$1,数据提取表!$A:$A,"<="&$H$1) -> 193.6 | J38: =计划电量!F40 -> 59159 | K38: =I38/E38 -> 0.033020638 | L38: =I38/J38 -> 0.0032725367 | M38: =I38-E38 -> -5669.4 | N38: =SUMIFS(数据提取表!K:K,数据提取表!$B:$B,$A38,数据提取表!$A:$A,">="&$D$1,数据提取表!$A:$A,"<="&$H$1) -> 60.8328 | O38: =N38/G38 -> 0.23249667 | P38: =R38+U38 -> 0.6624 | Q38: =S38+T38 -> 0.846 | R38: =SUMIFS(数据提取表!U:U,数据提取表!$B:$B,$A38,数据提取表!$A:$A,">="&$D$1,数据提取表!$A:$A,"<="&$H$1) -> 0.6624 | S38: =SUMIFS(数据提取表!T:T,数据提取表!$B:$B,$A38,数据提取表!$A:$A,">="&$D$1,数据提取表!$A:$A,"<="&$H$1) -> 0.7268 | T38: =SUMIFS(数据提取表!V:V,数据提取表!$B:$B,$A38,数据提取表!$A:$A,">="&$D$1,数据提取表!$A:$A,"<="&$H$1) -> 0.1192 | U38: =SUMIFS(数据提取表!W:W,数据提取表!$B:$B,$A38,数据提取表!$A:$A,">="&$D$1,数据提取表!$A:$A,"<="&$H$1) -> 0 | V38: =W38+X38+Y38 -> 0 | W38: =SUMIFS(数据提取表!X:X,数据提取表!$B:$B,$A38,数据提取表!$A:$A,">="&$D$1,数据提取表!$A:$A,"<="&$H$1) -> 0 | X38: =SUMIFS(数据提取表!Y:Y,数据提取表!$B:$B,$A38,数据提取表!$A:$A,">="&$D$1,数据提取表!$A:$A,"<="&$H$1) -> 0 | Y38: =SUMIFS(数据提取表!Z:Z,数据提取表!$B:$B,$A38,数据提取表!$A:$A,">="&$D$1,数据提取表!$A:$A,"<="&$H$1) -> 0 | Z38: =SUMIFS(数据提取表!AA:AA,数据提取表!$B:$B,$A38,数据提取表!$A:$A,">="&$D$1,数据提取表!$A:$A,"<="&$H$1) -> 0 | AA38: =SUMIFS(数据提取表!AB:AB,数据提取表!$B:$B,$A38,数据提取表!$A:$A,">="&$D$1,数据提取表!$A:$A,"<="&$H$1)/$J$1 -> 0.9773 | AB38: =Q38/(Q38+P38+H38) -> 0.0042127824 | AC38: 0.0035 | AD38: =P38/(P38+Q38+H38) -> 0.003298519 | AE38: 0.0065 | AF38: =(P38+Q38+V38)/(G38-N38) -> 0.0075113013 | AG38: =P38+Q38+V38 -> 1.5084 | AH38: 237.3201 | AK38: 1402.6688
A39: 特变电工木垒大石头200MW风电一场 | B39: BO37 | C39: 嘉裕大石头 | D39: 200 | E39: {=SUMPRODUCT((计划电量!$K$2:$V$2>=自由分析表!$O$1)*(计划电量!$K$2:$V$2<=自由分析表!$Q$1)*计划电量!K41:V41)} -> 3600 | F39: =SUMIFS(数据提取表!G:G,数据提取表!$B:$B,$A39,数据提取表!$A:$A,">="&$D$1,数据提取表!$A:$A,"<="&$H$1)/$J$1 -> 6.98 | G39: =SUMIFS(数据提取表!H:H,数据提取表!$B:$B,$A39,数据提取表!$A:$A,">="&$D$1,数据提取表!$A:$A,"<="&$H$1) -> 200.6476 | H39: =SUMIFS(数据提取表!I:I,数据提取表!$B:$B,$A39,数据提取表!$A:$A,">="&$D$1,数据提取表!$A:$A,"<="&$H$1) -> 90.029 | I39: =SUMIFS(数据提取表!J:J,数据提取表!$B:$B,$A39,数据提取表!$A:$A,">="&$D$1,数据提取表!$A:$A,"<="&$H$1) -> 87.45 | J39: =计划电量!F41 -> 30140 | K39: =I39/E39 -> 0.024291667 | L39: =I39/J39 -> 0.0029014599 | M39: =I39-E39 -> -3512.55 | N39: =SUMIFS(数据提取表!K:K,数据提取表!$B:$B,$A39,数据提取表!$A:$A,">="&$D$1,数据提取表!$A:$A,"<="&$H$1) -> 0 | O39: =N39/G39 -> 0 | P39: =R39+U39 -> 0 | Q39: =S39+T39 -> 30.3544 | R39: =SUMIFS(数据提取表!U:U,数据提取表!$B:$B,$A39,数据提取表!$A:$A,">="&$D$1,数据提取表!$A:$A,"<="&$H$1) -> 0 | S39: =SUMIFS(数据提取表!T:T,数据提取表!$B:$B,$A39,数据提取表!$A:$A,">="&$D$1,数据提取表!$A:$A,"<="&$H$1) -> 30.3544 | T39: =SUMIFS(数据提取表!V:V,数据提取表!$B:$B,$A39,数据提取表!$A:$A,">="&$D$1,数据提取表!$A:$A,"<="&$H$1) -> 0 | U39: =SUMIFS(数据提取表!W:W,数据提取表!$B:$B,$A39,数据提取表!$A:$A,">="&$D$1,数据提取表!$A:$A,"<="&$H$1) -> 0 | V39: =W39+X39+Y39 -> 80.2642 | W39: =SUMIFS(数据提取表!X:X,数据提取表!$B:$B,$A39,数据提取表!$A:$A,">="&$D$1,数据提取表!$A:$A,"<="&$H$1) -> 0 | X39: =SUMIFS(数据提取表!Y:Y,数据提取表!$B:$B,$A39,数据提取表!$A:$A,">="&$D$1,数据提取表!$A:$A,"<="&$H$1) -> 80.2642 | Y39: =SUMIFS(数据提取表!Z:Z,数据提取表!$B:$B,$A39,数据提取表!$A:$A,">="&$D$1,数据提取表!$A:$A,"<="&$H$1) -> 0 | Z39: =SUMIFS(数据提取表!AA:AA,数据提取表!$B:$B,$A39,数据提取表!$A:$A,">="&$D$1,数据提取表!$A:$A,"<="&$H$1) -> 0 | AA39: =SUMIFS(数据提取表!AB:AB,数据提取表!$B:$B,$A39,数据提取表!$A:$A,">="&$D$1,数据提取表!$A:$A,"<="&$H$1)/$J$1 -> 0.6416 | AB39: =Q39/(Q39+P39+H39) -> 0.25214772 | AC39: 0.25 | AD39: =P39/(P39+Q39+H39) -> 0 | AE39: 0.04 | AF39: =(P39+Q39+V39)/(G39-N39) -> 0.55130787
A40: 晶能布尔津风电场 | B40: BO38 | C40: 晶能布尔津 | D40: 150 | E40: {=SUMPRODUCT((计划电量!$K$2:$V$2>=自由分析表!$O$1)*(计划电量!$K$2:$V$2<=自由分析表!$Q$1)*计划电量!K42:V42)} -> 2131 | F40: =SUMIFS(数据提取表!G:G,数据提取表!$B:$B,$A40,数据提取表!$A:$A,">="&$D$1,数据提取表!$A:$A,"<="&$H$1)/$J$1 -> 5.42 | G40: =SUMIFS(数据提取表!H:H,数据提取表!$B:$B,$A40,数据提取表!$A:$A,">="&$D$1,数据提取表!$A:$A,"<="&$H$1) -> 191.3231 | H40: =SUMIFS(数据提取表!I:I,数据提取表!$B:$B,$A40,数据提取表!$A:$A,">="&$D$1,数据提取表!$A:$A,"<="&$H$1) -> 122.253 | I40: =SUMIFS(数据提取表!J:J,数据提取表!$B:$B,$A40,数据提取表!$A:$A,">="&$D$1,数据提取表!$A:$A,"<="&$H$1) -> 117.92 | J40: =计划电量!F42 -> 38110 | K40: =I40/E40 -> 0.055335523 | L40: =I40/J40 -> 0.003094201 | M40: =I40-E40 -> -2013.08 | N40: =SUMIFS(数据提取表!K:K,数据提取表!$B:$B,$A40,数据提取表!$A:$A,">="&$D$1,数据提取表!$A:$A,"<="&$H$1) -> 68.7986 | O40: =N40/G40 -> 0.3595938 | P40: =R40+U40 -> 0.2715 | Q40: =S40+T40 -> 0 | R40: =SUMIFS(数据提取表!U:U,数据提取表!$B:$B,$A40,数据提取表!$A:$A,">="&$D$1,数据提取表!$A:$A,"<="&$H$1) -> 0.2715 | S40: =SUMIFS(数据提取表!T:T,数据提取表!$B:$B,$A40,数据提取表!$A:$A,">="&$D$1,数据提取表!$A:$A,"<="&$H$1) -> 0 | T40: =SUMIFS(数据提取表!V:V,数据提取表!$B:$B,$A40,数据提取表!$A:$A,">="&$D$1,数据提取表!$A:$A,"<="&$H$1) -> 0 | U40: =SUMIFS(数据提取表!W:W,数据提取表!$B:$B,$A40,数据提取表!$A:$A,">="&$D$1,数据提取表!$A:$A,"<="&$H$1) -> 0 | V40: =W40+X40+Y40 -> 0 | W40: =SUMIFS(数据提取表!X:X,数据提取表!$B:$B,$A40,数据提取表!$A:$A,">="&$D$1,数据提取表!$A:$A,"<="&$H$1) -> 0 | X40: =SUMIFS(数据提取表!Y:Y,数据提取表!$B:$B,$A40,数据提取表!$A:$A,">="&$D$1,数据提取表!$A:$A,"<="&$H$1) -> 0 | Y40: =SUMIFS(数据提取表!Z:Z,数据提取表!$B:$B,$A40,数据提取表!$A:$A,">="&$D$1,数据提取表!$A:$A,"<="&$H$1) -> 0 | Z40: =SUMIFS(数据提取表!AA:AA,数据提取表!$B:$B,$A40,数据提取表!$A:$A,">="&$D$1,数据提取表!$A:$A,"<="&$H$1) -> 0 | AA40: =SUMIFS(数据提取表!AB:AB,数据提取表!$B:$B,$A40,数据提取表!$A:$A,">="&$D$1,数据提取表!$A:$A,"<="&$H$1)/$J$1 -> 1 | AB40: =Q40/(Q40+P40+H40) -> 0 | AC40: 0.0039 | AD40: =P40/(P40+Q40+H40) -> 0.0022158834 | AE40: 0.0044 | AF40: =(P40+Q40+V40)/(G40-N40) -> 0.0022158834 | AG40: =P40+Q40+V40 -> 0.2715 | AH40: 30.2358 | AK40: 238.8474
A41: 汇能老君庙风电一场 | B41: BO39 | C41: 汇能老君庙 | D41: 100 | E41: {=SUMPRODUCT((计划电量!$K$2:$V$2>=自由分析表!$O$1)*(计划电量!$K$2:$V$2<=自由分析表!$Q$1)*计划电量!K43:V43)} -> 3246 | F41: =SUMIFS(数据提取表!G:G,数据提取表!$B:$B,$A41,数据提取表!$A:$A,">="&$D$1,数据提取表!$A:$A,"<="&$H$1)/$J$1 -> 6.315 | G41: =SUMIFS(数据提取表!H:H,数据提取表!$B:$B,$A41,数据提取表!$A:$A,">="&$D$1,数据提取表!$A:$A,"<="&$H$1) -> 191.5687 | H41: =SUMIFS(数据提取表!I:I,数据提取表!$B:$B,$A41,数据提取表!$A:$A,">="&$D$1,数据提取表!$A:$A,"<="&$H$1) -> 150.5024 | I41: =SUMIFS(数据提取表!J:J,数据提取表!$B:$B,$A41,数据提取表!$A:$A,">="&$D$1,数据提取表!$A:$A,"<="&$H$1) -> 148.5 | J41: =计划电量!F43 -> 27774 | K41: =I41/E41 -> 0.045748614 | L41: =I41/J41 -> 0.0053467272 | M41: =I41-E41 -> -3097.5 | N41: =SUMIFS(数据提取表!K:K,数据提取表!$B:$B,$A41,数据提取表!$A:$A,">="&$D$1,数据提取表!$A:$A,"<="&$H$1) -> 41.0663 | O41: =N41/G41 -> 0.21436853 | P41: =R41+U41 -> 0 | Q41: =S41+T41 -> 0 | R41: =SUMIFS(数据提取表!U:U,数据提取表!$B:$B,$A41,数据提取表!$A:$A,">="&$D$1,数据提取表!$A:$A,"<="&$H$1) -> 0 | S41: =SUMIFS(数据提取表!T:T,数据提取表!$B:$B,$A41,数据提取表!$A:$A,">="&$D$1,数据提取表!$A:$A,"<="&$H$1) -> 0 | T41: =SUMIFS(数据提取表!V:V,数据提取表!$B:$B,$A41,数据提取表!$A:$A,">="&$D$1,数据提取表!$A:$A,"<="&$H$1) -> 0 | U41: =SUMIFS(数据提取表!W:W,数据提取表!$B:$B,$A41,数据提取表!$A:$A,">="&$D$1,数据提取表!$A:$A,"<="&$H$1) -> 0 | V41: =W41+X41+Y41 -> 0 | W41: =SUMIFS(数据提取表!X:X,数据提取表!$B:$B,$A41,数据提取表!$A:$A,">="&$D$1,数据提取表!$A:$A,"<="&$H$1) -> 0 | X41: =SUMIFS(数据提取表!Y:Y,数据提取表!$B:$B,$A41,数据提取表!$A:$A,">="&$D$1,数据提取表!$A:$A,"<="&$H$1) -> 0 | Y41: =SUMIFS(数据提取表!Z:Z,数据提取表!$B:$B,$A41,数据提取表!$A:$A,">="&$D$1,数据提取表!$A:$A,"<="&$H$1) -> 0 | Z41: =SUMIFS(数据提取表!AA:AA,数据提取表!$B:$B,$A41,数据提取表!$A:$A,">="&$D$1,数据提取表!$A:$A,"<="&$H$1) -> 0 | AA41: =SUMIFS(数据提取表!AB:AB,数据提取表!$B:$B,$A41,数据提取表!$A:$A,">="&$D$1,数据提取表!$A:$A,"<="&$H$1)/$J$1 -> 1 | AB41: =Q41/(Q41+P41+H41) -> 0 | AC41: 0.004 | AD41: =P41/(P41+Q41+H41) -> 0 | AE41: 0.003 | AF41: =(P41+Q41+V41)/(G41-N41) -> 0 | AG41: =P41+Q41+V41 -> 0 | AH41: 2.7798 | AK41: 137.6855
A42: 振超分散式兴业风电一场 | B42: BO40 | C42: 哈密振超 | D42: 15 | E42: {=SUMPRODUCT((计划电量!$K$2:$V$2>=自由分析表!$O$1)*(计划电量!$K$2:$V$2<=自由分析表!$Q$1)*计划电量!K44:V44)} -> 370 | F42: =SUMIFS(数据提取表!G:G,数据提取表!$B:$B,$A42,数据提取表!$A:$A,">="&$D$1,数据提取表!$A:$A,"<="&$H$1)/$J$1 -> 4.395 | G42: =SUMIFS(数据提取表!H:H,数据提取表!$B:$B,$A42,数据提取表!$A:$A,">="&$D$1,数据提取表!$A:$A,"<="&$H$1) -> 13.2452 | H42: =SUMIFS(数据提取表!I:I,数据提取表!$B:$B,$A42,数据提取表!$A:$A,">="&$D$1,数据提取表!$A:$A,"<="&$H$1) -> 12.3126 | I42: =SUMIFS(数据提取表!J:J,数据提取表!$B:$B,$A42,数据提取表!$A:$A,">="&$D$1,数据提取表!$A:$A,"<="&$H$1) -> 12.18 | J42: =计划电量!F44 -> 3444 | K42: =I42/E42 -> 0.032918919 | L42: =I42/J42 -> 0.0035365854 | M42: =I42-E42 -> -357.82 | N42: =SUMIFS(数据提取表!K:K,数据提取表!$B:$B,$A42,数据提取表!$A:$A,">="&$D$1,数据提取表!$A:$A,"<="&$H$1) -> 0.1324 | O42: =N42/G42 -> 0.009996074 | P42: =R42+U42 -> 0 | Q42: =S42+T42 -> 0 | R42: =SUMIFS(数据提取表!U:U,数据提取表!$B:$B,$A42,数据提取表!$A:$A,">="&$D$1,数据提取表!$A:$A,"<="&$H$1) -> 0 | S42: =SUMIFS(数据提取表!T:T,数据提取表!$B:$B,$A42,数据提取表!$A:$A,">="&$D$1,数据提取表!$A:$A,"<="&$H$1) -> 0 | T42: =SUMIFS(数据提取表!V:V,数据提取表!$B:$B,$A42,数据提取表!$A:$A,">="&$D$1,数据提取表!$A:$A,"<="&$H$1) -> 0 | U42: =SUMIFS(数据提取表!W:W,数据提取表!$B:$B,$A42,数据提取表!$A:$A,">="&$D$1,数据提取表!$A:$A,"<="&$H$1) -> 0 | V42: =W42+X42+Y42 -> 0 | W42: =SUMIFS(数据提取表!X:X,数据提取表!$B:$B,$A42,数据提取表!$A:$A,">="&$D$1,数据提取表!$A:$A,"<="&$H$1) -> 0 | X42: =SUMIFS(数据提取表!Y:Y,数据提取表!$B:$B,$A42,数据提取表!$A:$A,">="&$D$1,数据提取表!$A:$A,"<="&$H$1) -> 0 | Y42: =SUMIFS(数据提取表!Z:Z,数据提取表!$B:$B,$A42,数据提取表!$A:$A,">="&$D$1,数据提取表!$A:$A,"<="&$H$1) -> 0 | Z42: =SUMIFS(数据提取表!AA:AA,数据提取表!$B:$B,$A42,数据提取表!$A:$A,">="&$D$1,数据提取表!$A:$A,"<="&$H$1) -> 0 | AA42: =SUMIFS(数据提取表!AB:AB,数据提取表!$B:$B,$A42,数据提取表!$A:$A,">="&$D$1,数据提取表!$A:$A,"<="&$H$1)/$J$1 -> 1 | AB42: =Q42/(Q42+P42+H42) -> 0 | AC42: 0.001 | AD42: =P42/(P42+Q42+H42) -> 0 | AE42: 0.0027 | AF42: =(P42+Q42+V42)/(G42-N42) -> 0 | AG42: =P42+Q42+V42 -> 0 | AH42: 0 | AK42: 0.4458
A43: 110kV新特森泽风电一场 | B43: BO41 | C43: 新特森泽 | D43: 50 | E43: {=SUMPRODUCT((计划电量!$K$2:$V$2>=自由分析表!$O$1)*(计划电量!$K$2:$V$2<=自由分析表!$Q$1)*计划电量!K45:V45)} -> 1329 | F43: =SUMIFS(数据提取表!G:G,数据提取表!$B:$B,$A43,数据提取表!$A:$A,">="&$D$1,数据提取表!$A:$A,"<="&$H$1)/$J$1 -> 9.225 | G43: =SUMIFS(数据提取表!H:H,数据提取表!$B:$B,$A43,数据提取表!$A:$A,">="&$D$1,数据提取表!$A:$A,"<="&$H$1) -> 131.816 | H43: =SUMIFS(数据提取表!I:I,数据提取表!$B:$B,$A43,数据提取表!$A:$A,">="&$D$1,数据提取表!$A:$A,"<="&$H$1) -> 91.1218 | I43: =SUMIFS(数据提取表!J:J,数据提取表!$B:$B,$A43,数据提取表!$A:$A,">="&$D$1,数据提取表!$A:$A,"<="&$H$1) -> 89.265 | J43: =计划电量!F45 -> 11882 | K43: =I43/E43 -> 0.067167043 | L43: =I43/J43 -> 0.0075126241 | M43: =I43-E43 -> -1239.735 | N43: =SUMIFS(数据提取表!K:K,数据提取表!$B:$B,$A43,数据提取表!$A:$A,">="&$D$1,数据提取表!$A:$A,"<="&$H$1) -> 40.6942 | O43: =N43/G43 -> 0.30871973 | P43: =R43+U43 -> 0 | Q43: =S43+T43 -> 0 | R43: =SUMIFS(数据提取表!U:U,数据提取表!$B:$B,$A43,数据提取表!$A:$A,">="&$D$1,数据提取表!$A:$A,"<="&$H$1) -> 0 | S43: =SUMIFS(数据提取表!T:T,数据提取表!$B:$B,$A43,数据提取表!$A:$A,">="&$D$1,数据提取表!$A:$A,"<="&$H$1) -> 0 | T43: =SUMIFS(数据提取表!V:V,数据提取表!$B:$B,$A43,数据提取表!$A:$A,">="&$D$1,数据提取表!$A:$A,"<="&$H$1) -> 0 | U43: =SUMIFS(数据提取表!W:W,数据提取表!$B:$B,$A43,数据提取表!$A:$A,">="&$D$1,数据提取表!$A:$A,"<="&$H$1) -> 0 | V43: =W43+X43+Y43 -> 0 | W43: =SUMIFS(数据提取表!X:X,数据提取表!$B:$B,$A43,数据提取表!$A:$A,">="&$D$1,数据提取表!$A:$A,"<="&$H$1) -> 0 | X43: =SUMIFS(数据提取表!Y:Y,数据提取表!$B:$B,$A43,数据提取表!$A:$A,">="&$D$1,数据提取表!$A:$A,"<="&$H$1) -> 0 | Y43: =SUMIFS(数据提取表!Z:Z,数据提取表!$B:$B,$A43,数据提取表!$A:$A,">="&$D$1,数据提取表!$A:$A,"<="&$H$1) -> 0 | Z43: =SUMIFS(数据提取表!AA:AA,数据提取表!$B:$B,$A43,数据提取表!$A:$A,">="&$D$1,数据提取表!$A:$A,"<="&$H$1) -> 0 | AA43: =SUMIFS(数据提取表!AB:AB,数据提取表!$B:$B,$A43,数据提取表!$A:$A,">="&$D$1,数据提取表!$A:$A,"<="&$H$1)/$J$1 -> 1 | AB43: =Q43/(Q43+P43+H43) -> 0 | AC43: 0.0013849254 | AD43: =P43/(P43+Q43+H43) -> 0 | AE43: 0.0079986616 | AF43: =(P43+Q43+V43)/(G43-N43) -> 0 | AG43: =P43+Q43+V43 -> 0 | AH43: 3.0785 | AK43: 74.4785
A44: 新尚能源莎车光伏一电站 | B44: BO42 | C44: 新尚莎车 | D44: 115 | E44: {=SUMPRODUCT((计划电量!$K$2:$V$2>=自由分析表!$O$1)*(计划电量!$K$2:$V$2<=自由分析表!$Q$1)*计划电量!K46:V46)} -> 1095 | F44: =SUMIFS(数据提取表!F:F,数据提取表!$B:$B,$A44,数据提取表!$A:$A,">="&$D$1,数据提取表!$A:$A,"<="&$H$1) -> 11.54 | G44: =SUMIFS(数据提取表!H:H,数据提取表!$B:$B,$A44,数据提取表!$A:$A,">="&$D$1,数据提取表!$A:$A,"<="&$H$1) -> 140.3952 | H44: =SUMIFS(数据提取表!I:I,数据提取表!$B:$B,$A44,数据提取表!$A:$A,">="&$D$1,数据提取表!$A:$A,"<="&$H$1) -> 50.453 | I44: =SUMIFS(数据提取表!J:J,数据提取表!$B:$B,$A44,数据提取表!$A:$A,">="&$D$1,数据提取表!$A:$A,"<="&$H$1) -> 48.398 | J44: =计划电量!F46 -> 11688 | K44: =I44/E44 -> 0.044199087 | L44: =I44/J44 -> 0.0041408282 | M44: =I44-E44 -> -1046.602 | N44: =SUMIFS(数据提取表!K:K,数据提取表!$B:$B,$A44,数据提取表!$A:$A,">="&$D$1,数据提取表!$A:$A,"<="&$H$1) -> 89.9422 | O44: =N44/G44 -> 0.64063586 | P44: =R44+U44 -> 0 | Q44: =S44+T44 -> 0 | R44: =SUMIFS(数据提取表!U:U,数据提取表!$B:$B,$A44,数据提取表!$A:$A,">="&$D$1,数据提取表!$A:$A,"<="&$H$1) -> 0 | S44: =SUMIFS(数据提取表!T:T,数据提取表!$B:$B,$A44,数据提取表!$A:$A,">="&$D$1,数据提取表!$A:$A,"<="&$H$1) -> 0 | T44: =SUMIFS(数据提取表!V:V,数据提取表!$B:$B,$A44,数据提取表!$A:$A,">="&$D$1,数据提取表!$A:$A,"<="&$H$1) -> 0 | U44: =SUMIFS(数据提取表!W:W,数据提取表!$B:$B,$A44,数据提取表!$A:$A,">="&$D$1,数据提取表!$A:$A,"<="&$H$1) -> 0 | V44: =W44+X44+Y44 -> 0 | W44: =SUMIFS(数据提取表!X:X,数据提取表!$B:$B,$A44,数据提取表!$A:$A,">="&$D$1,数据提取表!$A:$A,"<="&$H$1) -> 0 | X44: =SUMIFS(数据提取表!Y:Y,数据提取表!$B:$B,$A44,数据提取表!$A:$A,">="&$D$1,数据提取表!$A:$A,"<="&$H$1) -> 0 | Y44: =SUMIFS(数据提取表!Z:Z,数据提取表!$B:$B,$A44,数据提取表!$A:$A,">="&$D$1,数据提取表!$A:$A,"<="&$H$1) -> 0 | Z44: =SUMIFS(数据提取表!AA:AA,数据提取表!$B:$B,$A44,数据提取表!$A:$A,">="&$D$1,数据提取表!$A:$A,"<="&$H$1) -> 0 | AA44: =SUMIFS(数据提取表!AB:AB,数据提取表!$B:$B,$A44,数据提取表!$A:$A,">="&$D$1,数据提取表!$A:$A,"<="&$H$1)/$J$1 -> 1 | AB44: =Q44/(Q44+P44+H44) -> 0 | AC44: 0.0015 | AD44: =P44/(P44+Q44+H44) -> 0 | AE44: 0.0097240698 | AF44: =(P44+Q44+V44)/(G44-N44) -> 0 | AG44: =P44+Q44+V44 -> 0 | AH44: 0 | AK44: 0
A45: 柯特新能源柯坪光伏一电站 | B45: BO43 | C45: 柯特柯坪 | D45: 110 | E45: {=SUMPRODUCT((计划电量!$K$2:$V$2>=自由分析表!$O$1)*(计划电量!$K$2:$V$2<=自由分析表!$Q$1)*计划电量!K47:V47)} -> 1281 | F45: =SUMIFS(数据提取表!F:F,数据提取表!$B:$B,$A45,数据提取表!$A:$A,">="&$D$1,数据提取表!$A:$A,"<="&$H$1) -> 16.01 | G45: =SUMIFS(数据提取表!H:H,数据提取表!$B:$B,$A45,数据提取表!$A:$A,">="&$D$1,数据提取表!$A:$A,"<="&$H$1) -> 150.1904 | H45: =SUMIFS(数据提取表!I:I,数据提取表!$B:$B,$A45,数据提取表!$A:$A,">="&$D$1,数据提取表!$A:$A,"<="&$H$1) -> 68.7558 | I45: =SUMIFS(数据提取表!J:J,数据提取表!$B:$B,$A45,数据提取表!$A:$A,">="&$D$1,数据提取表!$A:$A,"<="&$H$1) -> 64.8627 | J45: =计划电量!F47 -> 14225 | K45: =I45/E45 -> 0.050634426 | L45: =I45/J45 -> 0.004559768 | M45: =I45-E45 -> -1216.1373 | N45: =SUMIFS(数据提取表!K:K,数据提取表!$B:$B,$A45,数据提取表!$A:$A,">="&$D$1,数据提取表!$A:$A,"<="&$H$1) -> 81.4346 | O45: =N45/G45 -> 0.54220909 | P45: =R45+U45 -> 0 | Q45: =S45+T45 -> 0 | R45: =SUMIFS(数据提取表!U:U,数据提取表!$B:$B,$A45,数据提取表!$A:$A,">="&$D$1,数据提取表!$A:$A,"<="&$H$1) -> 0 | S45: =SUMIFS(数据提取表!T:T,数据提取表!$B:$B,$A45,数据提取表!$A:$A,">="&$D$1,数据提取表!$A:$A,"<="&$H$1) -> 0 | T45: =SUMIFS(数据提取表!V:V,数据提取表!$B:$B,$A45,数据提取表!$A:$A,">="&$D$1,数据提取表!$A:$A,"<="&$H$1) -> 0 | U45: =SUMIFS(数据提取表!W:W,数据提取表!$B:$B,$A45,数据提取表!$A:$A,">="&$D$1,数据提取表!$A:$A,"<="&$H$1) -> 0 | V45: =W45+X45+Y45 -> 0 | W45: =SUMIFS(数据提取表!X:X,数据提取表!$B:$B,$A45,数据提取表!$A:$A,">="&$D$1,数据提取表!$A:$A,"<="&$H$1) -> 0 | X45: =SUMIFS(数据提取表!Y:Y,数据提取表!$B:$B,$A45,数据提取表!$A:$A,">="&$D$1,数据提取表!$A:$A,"<="&$H$1) -> 0 | Y45: =SUMIFS(数据提取表!Z:Z,数据提取表!$B:$B,$A45,数据提取表!$A:$A,">="&$D$1,数据提取表!$A:$A,"<="&$H$1) -> 0 | Z45: =SUMIFS(数据提取表!AA:AA,数据提取表!$B:$B,$A45,数据提取表!$A:$A,">="&$D$1,数据提取表!$A:$A,"<="&$H$1) -> 0 | AA45: =SUMIFS(数据提取表!AB:AB,数据提取表!$B:$B,$A45,数据提取表!$A:$A,">="&$D$1,数据提取表!$A:$A,"<="&$H$1)/$J$1 -> 1 | AB45: =Q45/(Q45+P45+H45) -> 0 | AC45: 0.001 | AD45: =P45/(P45+Q45+H45) -> 0 | AE45: 0.0073415348 | AF45: =(P45+Q45+V45)/(G45-N45) -> 0 | AG45: =P45+Q45+V45 -> 0 | AH45: 0 | AK45: 0
